Room,Photo,Painting,Top-left,Top-right,Bottom-right,Bottom-left
Zaal_A,20190323_111313,1,"[125, 247]","[2914, 237]","[2829, 3595]","[153, 3554]"
Zaal_A,20190323_111327,1,"[165, 769]","[2918, 769]","[2894, 3141]","[242, 3167]"
Zaal_A,20190323_111348,1,"[137, 268]","[2966, 284]","[2918, 3637]","[181, 3642]"
Zaal_A,20190323_111544,1,"[302, 449]","[2833, 475]","[2841, 3564]","[326, 3544]"
Zaal_A,20190323_111619,1,"[201, 516]","[2805, 511]","[2801, 3652]","[226, 3621]"
Zaal_A,20190323_111709,1,"[589, 118]","[3657, 139]","[3612, 2748]","[637, 2800]"
Zaal_A,20190323_111737,1,"[209, 346]","[2958, 330]","[2902, 3719]","[270, 3683]"
Zaal_A,20190323_111809,1,"[298, 325]","[2922, 309]","[2930, 3647]","[347, 3652]"
Zaal_A,20190323_111830,1,"[516, 139]","[3911, 154]","[3842, 2888]","[520, 2851]"
Zaal_A,20190323_111857,1,"[387, 495]","[2793, 470]","[2736, 3254]","[439, 3239]"
Zaal_A,20190323_111925,1,"[129, 123]","[3051, 118]","[2974, 3668]","[185, 3637]"
Zaal_A,20190323_111950,1,"[80, 123]","[3947, 129]","[3919, 2764]","[108, 2743]"
Zaal_A,20190323_112015,1,"[209, 108]","[2987, 113]","[2890, 3885]","[242, 3838]"
Zaal_B,20190323_112228,1,"[137, 211]","[2946, 263]","[2890, 3652]","[177, 3673]"
Zaal_B,20190323_112302,1,"[226, 175]","[3007, 180]","[2902, 3673]","[222, 3601]"
Zaal_B,20190323_112322,1,"[246, 30]","[3923, 67]","[3887, 2939]","[246, 2929]"
Zaal_B,20190323_112346,1,"[274, 92]","[2777, 123]","[2752, 3973]","[314, 3952]"
Zaal_B,20190323_112409,1,"[226, 46]","[2930, 87]","[2890, 3942]","[217, 3921]"
Zaal_B,20190323_112442,1,"[617, 103]","[3725, 82]","[3689, 2857]","[661, 2836]"
Zaal_B,20190323_112501,1,"[121, 87]","[4064, 108]","[3988, 2836]","[145, 2826]"
Zaal_B,20190323_112531,1,"[209, 139]","[2982, 160]","[2950, 3699]","[254, 3688]"
Zaal_B,20190323_112638,1,"[100, 92]","[2999, 113]","[2938, 3471]","[129, 3466]"
Zaal_C,20190323_112836,1,"[169, 619]","[718, 619]","[718, 1348]","[169, 1353]"
Zaal_C,20190323_112836,2,"[831, 614]","[1368, 619]","[1380, 1348]","[835, 1348]"
Zaal_C,20190323_112836,3,"[1497, 614]","[2018, 619]","[2030, 1348]","[1497, 1348]"
Zaal_C,20190323_112836,4,"[2151, 625]","[2676, 619]","[2676, 1338]","[2147, 1343]"
Zaal_C,20190323_112836,5,"[2801, 619]","[3326, 625]","[3326, 1327]","[2793, 1332]"
Zaal_C,20190323_112836,6,"[3447, 619]","[3967, 614]","[3975, 1327]","[3439, 1338]"
Zaal_C,20190323_112836,7,"[173, 1451]","[718, 1451]","[726, 2175]","[181, 2185]"
Zaal_C,20190323_112836,8,"[831, 1446]","[1380, 1446]","[1384, 2169]","[843, 2169]"
Zaal_C,20190323_112836,9,"[1505, 1451]","[2030, 1446]","[2030, 2159]","[1509, 2159]"
Zaal_C,20190323_112836,10,"[2151, 1451]","[2668, 1451]","[2676, 2154]","[2159, 2149]"
Zaal_C,20190323_112836,11,"[2789, 1446]","[3326, 1441]","[3330, 2154]","[2797, 2154]"
Zaal_C,20190323_112836,12,"[3447, 1441]","[3971, 1441]","[3971, 2154]","[3451, 2159]"
Zaal_C,20190323_112909,1,"[165, 1136]","[698, 1136]","[706, 1865]","[173, 1854]"
Zaal_C,20190323_112909,2,"[819, 1126]","[1360, 1131]","[1364, 1854]","[827, 1865]"
Zaal_C,20190323_112909,3,"[1493, 1136]","[2018, 1141]","[2018, 1865]","[1501, 1865]"
Zaal_C,20190323_112909,4,"[2151, 1131]","[2680, 1131]","[2676, 1859]","[2151, 1865]"
Zaal_C,20190323_112909,5,"[2809, 1136]","[3366, 1126]","[3358, 1870]","[2809, 1865]"
Zaal_C,20190323_112909,6,"[3487, 1126]","[4036, 1121]","[4036, 1859]","[3483, 1865]"
Zaal_C,20190323_113006,1,"[108, 1115]","[799, 1105]","[811, 1627]","[129, 1622]"
Zaal_C,20190323_113006,2,"[879, 1007]","[1392, 1002]","[1400, 1704]","[888, 1710]"
Zaal_C,20190323_113006,3,"[1481, 1002]","[1989, 1002]","[1994, 1699]","[1489, 1710]"
Zaal_C,20190323_113006,4,"[2074, 1002]","[2587, 991]","[2587, 1704]","[2078, 1710]"
Zaal_C,20190323_113006,5,"[2672, 1090]","[3418, 1079]","[3414, 1611]","[2676, 1611]"
Zaal_C,20190323_113006,6,"[3499, 971]","[4048, 966]","[4032, 1704]","[3491, 1710]"
Zaal_D,20190323_113233,1,"[480, 67]","[3640, 51]","[3612, 2774]","[508, 2733]"
Zaal_D,20190323_113251,1,"[141, 273]","[3007, 289]","[2982, 3559]","[129, 3528]"
Zaal_D,20190323_113313,1,"[460, 123]","[3907, 160]","[3883, 2851]","[472, 2820]"
Zaal_D,20190323_113342,1,"[153, 196]","[2930, 165]","[2902, 3549]","[185, 3523]"
Zaal_D,20190323_113404,1,"[141, 258]","[3019, 309]","[2978, 3704]","[137, 3725]"
Zaal_D,20190323_113528,1,"[298, 175]","[2817, 170]","[2817, 3714]","[330, 3709]"
Zaal_D,20190323_113603,1,"[657, 98]","[3673, 108]","[3636, 2764]","[686, 2764]"
Zaal_D,20190323_113624,1,"[553, 129]","[3778, 129]","[3745, 2862]","[581, 2857]"
Zaal_D,20190323_113724,1,"[330, 15]","[3826, 10]","[3794, 2913]","[351, 2908]"
Zaal_D,20190323_113753,1,"[125, 304]","[2991, 299]","[2930, 3477]","[153, 3497]"
Zaal_D,20190323_113825,1,"[213, 222]","[2882, 222]","[2869, 3497]","[222, 3487]"
Zaal_D,20190323_113850,1,"[387, 51]","[3782, 108]","[3782, 2882]","[387, 2882]"
Zaal_D,20190323_113929,1,"[492, 108]","[3669, 123]","[3669, 2841]","[504, 2846]"
Zaal_D,20190323_113949,1,"[492, 87]","[3681, 92]","[3661, 2939]","[480, 2929]"
Zaal_D,20190323_114017,1,"[113, 170]","[2938, 247]","[2886, 3632]","[125, 3647]"
Zaal_D,20190323_114047,1,"[201, 237]","[2991, 237]","[2966, 3533]","[238, 3513]"
Zaal_D,20190323_114112,1,"[666, 103]","[3689, 113]","[3665, 2681]","[661, 2681]"
Zaal_D,20190323_114140,1,"[88, 185]","[3035, 191]","[3019, 3502]","[133, 3518]"
Zaal_E,20190323_114440,1,"[193, 51]","[3883, 118]","[3818, 2733]","[209, 2743]"
Zaal_E,20190323_114457,1,"[250, 501]","[2982, 506]","[2946, 3198]","[282, 3203]"
Zaal_E,20190323_114514,1,"[306, 335]","[2946, 361]","[2894, 3616]","[290, 3564]"
Zaal_E,20190323_114539,1,"[395, 77]","[3854, 134]","[3822, 2903]","[423, 2913]"
Zaal_E,20190323_114600,1,"[298, 666]","[2991, 676]","[2950, 3363]","[298, 3342]"
Zaal_E,20190323_114646,1,"[181, 258]","[2922, 268]","[2914, 3322]","[246, 3342]"
Zaal_E,20190323_114705,1,"[177, 619]","[2954, 640]","[2934, 3430]","[149, 3399]"
Zaal_E,20190323_114757,1,"[76, 433]","[2978, 418]","[2966, 3270]","[141, 3296]"
Zaal_E,20190323_114817,1,"[161, 263]","[2865, 309]","[2853, 3606]","[209, 3626]"
Zaal_E,20190323_114836,1,"[108, 216]","[2982, 232]","[2966, 3688]","[165, 3668]"
Zaal_E,20190323_115257,1,"[435, 144]","[3689, 108]","[3697, 2753]","[452, 2758]"
Zaal_E,20190323_115309,1,"[96, 330]","[2978, 294]","[2938, 3513]","[209, 3559]"
Zaal_E,20190323_115403,1,"[423, 108]","[3782, 113]","[3741, 2805]","[403, 2862]"
Zaal_E,20190323_115421,1,"[427, 129]","[3705, 165]","[3673, 2789]","[435, 2826]"
Zaal_E,20190323_115435,1,"[399, 144]","[3846, 144]","[3814, 2774]","[407, 2779]"
Zaal_E,20190323_115458,1,"[250, 149]","[2974, 154]","[2906, 3632]","[246, 3647]"
Zaal_E,20190323_115513,1,"[468, 170]","[3733, 180]","[3685, 2722]","[536, 2717]"
Zaal_E,20190323_115537,1,"[593, 160]","[3685, 185]","[3665, 2733]","[617, 2753]"
Zaal_F,20190323_115716,1,"[621, 118]","[3596, 154]","[3596, 2831]","[621, 2826]"
Zaal_F,20190323_115732,1,"[395, 149]","[3842, 175]","[3830, 2748]","[411, 2758]"
Zaal_F,20190323_115750,1,"[637, 92]","[3725, 92]","[3632, 2696]","[666, 2691]"
Zaal_F,20190323_115808,1,"[435, 216]","[3798, 222]","[3757, 2758]","[419, 2758]"
Zaal_F,20190323_115830,1,"[335, 237]","[3943, 273]","[3907, 2562]","[351, 2567]"
Zaal_F,20190323_115845,1,"[750, 170]","[3717, 185]","[3677, 2743]","[750, 2702]"
Zaal_F,20190323_115915,1,"[189, 185]","[3992, 216]","[3951, 2769]","[185, 2753]"
Zaal_F,20190323_115950,1,"[141, 123]","[4028, 175]","[4012, 2769]","[145, 2753]"
Zaal_F,20190323_120008,1,"[508, 222]","[3862, 232]","[3826, 2702]","[524, 2691]"
Zaal_F,20190323_120033,1,"[613, 92]","[3753, 108]","[3697, 2867]","[637, 2857]"
Zaal_F,20190323_120057,1,"[298, 87]","[3899, 113]","[3891, 2748]","[298, 2753]"
Zaal_F,20190323_120115,1,"[314, 61]","[3911, 41]","[3842, 2965]","[310, 2981]"
Zaal_G,20190323_120149,1,"[298, 36]","[3818, 46]","[3798, 2996]","[326, 2970]"
Zaal_G,20190323_120214,1,"[997, 160]","[2203, 144]","[2216, 3936]","[1041, 3926]"
Zaal_G,20190323_120233,1,"[137, 320]","[3071, 315]","[2966, 3389]","[189, 3389]"
Zaal_G,20190323_120258,1,"[670, 118]","[3778, 129]","[3701, 2810]","[649, 2779]"
Zaal_G,20190323_120330,1,"[290, 408]","[2861, 382]","[2861, 3384]","[339, 3378]"
Zaal_G,20190323_120351,1,"[589, 56]","[3636, 67]","[3612, 2898]","[633, 2913]"
Zaal_G,20190323_120406,1,"[306, 315]","[2995, 268]","[2910, 3487]","[347, 3461]"
Zaal_G,20190323_120427,1,"[500, 108]","[3850, 92]","[3850, 2774]","[504, 2769]"
Zaal_G,20190323_120448,1,"[108, 619]","[2962, 599]","[2954, 3223]","[137, 3223]"
Zaal_G,20190323_120503,1,"[326, 108]","[3640, 108]","[3624, 2743]","[379, 2758]"
Zaal_G,20190323_120524,1,"[274, 175]","[2974, 180]","[2958, 3823]","[286, 3833]"
Zaal_H,20190323_120614,1,"[181, 165]","[3007, 175]","[2966, 3440]","[169, 3394]"
Zaal_H,20190323_120646,1,"[480, 123]","[3883, 113]","[3846, 2795]","[480, 2805]"
Zaal_H,20190323_120721,1,"[217, 98]","[2958, 67]","[2922, 3492]","[230, 3549]"
Zaal_H,20190323_120750,1,"[254, 149]","[3935, 118]","[3866, 2836]","[314, 2841]"
Zaal_H,20190323_120815,1,"[795, 211]","[3451, 222]","[3439, 2578]","[827, 2593]"
Zaal_I,20190323_121107,1,"[72, 92]","[2926, 72]","[2938, 3973]","[141, 4024]"
Zaal_I,20190323_121131,1,"[262, 77]","[2910, 92]","[2922, 3725]","[306, 3776]"
Zaal_I,20190323_121200,1,"[254, 67]","[2038, 82]","[2030, 1379]","[250, 1374]"
Zaal_I,20190323_121200,2,"[2098, 87]","[3806, 103]","[3802, 1369]","[2098, 1369]"
Zaal_I,20190323_121200,3,"[250, 1431]","[2038, 1425]","[2030, 2702]","[254, 2727]"
Zaal_I,20190323_121200,4,"[2094, 1436]","[3802, 1436]","[3794, 2686]","[2094, 2712]"
Zaal_I,20190323_121222,1,"[294, 253]","[2918, 268]","[2914, 3652]","[302, 3673]"
Zaal_J,20190323_121308,1,"[330, 191]","[2926, 237]","[2906, 3735]","[343, 3740]"
Zaal_J,20190323_121436,1,"[149, 98]","[4093, 87]","[4048, 2929]","[209, 2939]"
Zaal_J,20190323_121605,1,"[314, 0]","[4121, 10]","[4101, 2774]","[343, 2800]"
Zaal_J,20190323_121630,1,"[335, 165]","[2853, 201]","[2744, 3580]","[330, 3554]"
Zaal_J,20190323_121646,1,"[266, 144]","[2987, 123]","[3007, 3833]","[306, 3833]"
Zaal_J,20190323_121704,1,"[702, 92]","[3798, 87]","[3762, 2758]","[738, 2779]"
Zaal_J,20190323_121730,1,"[290, 103]","[2930, 108]","[2882, 3740]","[318, 3745]"
Zaal_J,20190323_121753,1,"[205, 123]","[2845, 144]","[2845, 3709]","[250, 3735]"
Zaal_J,20190323_121834,1,"[270, 170]","[2801, 154]","[2813, 3590]","[318, 3606]"
Zaal_J,20190323_121919,1,"[779, 10]","[3552, 30]","[3491, 2640]","[827, 2640]"
Zaal_K,20190323_122001,1,"[213, 134]","[2934, 149]","[2942, 3849]","[230, 3843]"
Zaal_K,20190323_122019,1,"[617, 25]","[3431, 82]","[3382, 2712]","[637, 2722]"
Zaal_K,20190323_122032,1,"[274, 103]","[3955, 67]","[3935, 2753]","[298, 2748]"
Zaal_K,20190323_122122,1,"[177, 237]","[2950, 309]","[2902, 3404]","[185, 3425]"
Zaal_K,20190323_122235,1,"[411, 0]","[3608, 0]","[3560, 2733]","[456, 2779]"
Zaal_K,20190323_122258,1,"[165, 304]","[2894, 273]","[2865, 3301]","[290, 3358]"
Zaal_K,20190323_122326,1,"[217, 160]","[2760, 170]","[2748, 3626]","[246, 3668]"
Zaal_K,20190323_122357,1,"[185, 929]","[944, 929]","[948, 1958]","[181, 1963]"
Zaal_K,20190323_122357,2,"[1093, 935]","[1844, 935]","[1844, 1947]","[1085, 1963]"
Zaal_K,20190323_122357,3,"[1985, 940]","[2720, 935]","[2732, 1952]","[1981, 1958]"
Zaal_K,20190323_122357,4,"[3200, 924]","[3955, 924]","[3939, 1947]","[3192, 1958]"
Zaal_L,20190323_122601,1,"[137, 36]","[3903, 77]","[3846, 2758]","[153, 2774]"
Zaal_L,20190323_122614,1,"[68, 718]","[1977, 723]","[1969, 2097]","[88, 2107]"
Zaal_L,20190323_122614,2,"[2123, 728]","[4008, 733]","[3967, 2102]","[2119, 2102]"
Zaal_L,20190323_122633,1,"[363, 175]","[2837, 165]","[2837, 3518]","[411, 3554]"
Zaal_L,20190323_122703,1,"[419, 263]","[2882, 273]","[2882, 3621]","[419, 3657]"
Zaal_L,20190323_122719,1,"[278, 402]","[2882, 366]","[2898, 3570]","[330, 3590]"
Zaal_L,20190323_122739,1,"[270, 87]","[2873, 72]","[2873, 3585]","[306, 3585]"
Zaal_L,20190323_122756,1,"[383, 61]","[3612, 98]","[3572, 2882]","[431, 2857]"
Zaal_L,20190323_122825,1,"[335, 149]","[3971, 160]","[3975, 2820]","[343, 2826]"
Zaal_L,20190323_122914,1,"[209, 149]","[2865, 175]","[2841, 3699]","[282, 3776]"
Zaal_L,20190323_122937,1,"[278, 77]","[3879, 77]","[3862, 2691]","[290, 2696]"
Zaal_L,20190323_122950,1,"[266, 87]","[3810, 108]","[3782, 2655]","[322, 2733]"
Zaal_M,20190323_123139,1,"[532, 118]","[3439, 123]","[3422, 2748]","[544, 2733]"
Zaal_M,20190323_123155,1,"[504, 51]","[3584, 36]","[3584, 2970]","[553, 2965]"
Zaal_M,20190323_123208,1,"[561, 123]","[3636, 113]","[3604, 2888]","[561, 2888]"
Zaal_M,20190323_123223,1,"[343, 61]","[3915, 77]","[3871, 2960]","[383, 3012]"
Zaal_M,20190323_123249,1,"[456, 25]","[3531, 25]","[3487, 2686]","[516, 2686]"
Zaal_M,20190323_123303,1,"[444, 25]","[3866, 30]","[3798, 2846]","[500, 2820]"
Zaal_M,20190323_123315,1,"[581, 165]","[3665, 196]","[3628, 2702]","[605, 2691]"
Zaal_M,20190323_123401,1,"[766, 87]","[3862, 92]","[3822, 2836]","[779, 2851]"
Zaal_M,20190323_123455,1,"[435, 56]","[3661, 67]","[3608, 2908]","[468, 2924]"
Zaal_M,20190323_123528,1,"[488, 41]","[3721, 51]","[3669, 2877]","[516, 2903]"
Zaal_M,20190323_123543,1,"[238, 82]","[2781, 113]","[2724, 3719]","[298, 3750]"
Zaal_M,20190323_123601,1,"[250, 547]","[3067, 532]","[3027, 3606]","[282, 3590]"
Zaal_M,20190323_123614,1,"[674, 185]","[3640, 165]","[3653, 2769]","[710, 2795]"
Zaal_M,20190323_123630,1,"[250, 180]","[2942, 160]","[2942, 3730]","[302, 3745]"
Zaal_M,20190323_123642,1,"[161, 444]","[3007, 449]","[3019, 3508]","[201, 3544]"
Zaal_M,20190323_123701,1,"[363, 216]","[2922, 201]","[2910, 3694]","[395, 3683]"
Zaal_M,20190323_123723,1,"[371, 222]","[2942, 222]","[2882, 3756]","[355, 3709]"
Zaal_M,20190323_123740,1,"[435, 123]","[3725, 185]","[3693, 2774]","[448, 2769]"
Zaal_M,20190323_123750,1,"[492, 139]","[3883, 170]","[3834, 2815]","[540, 2862]"
Zaal_N,20190323_123901,1,"[314, 144]","[2813, 154]","[2829, 3130]","[318, 3172]"
Zaal_N,20190323_123939,1,"[104, 304]","[3003, 356]","[2982, 3265]","[165, 3322]"
Zaal_N,20190323_124009,1,"[355, 123]","[2603, 113]","[2680, 3854]","[335, 3864]"
Zaal_N,20190323_124030,1,"[330, 144]","[2865, 129]","[2910, 3859]","[367, 3864]"
Zaal_N,20190323_124105,1,"[205, 118]","[3895, 139]","[3907, 2805]","[213, 2862]"
Zaal_N,20190323_124121,1,"[266, 134]","[2918, 149]","[2853, 3358]","[339, 3368]"
zaal_O,IMG_20190323_124106,1,"[1052, 408]","[2897, 423]","[2878, 2417]","[1092, 2472]"
zaal_O,IMG_20190323_124111,1,"[500, 862]","[3725, 812]","[3702, 1877]","[548, 1912]"
zaal_O,IMG_20190323_124115,1,"[1009, 1069]","[3193, 1074]","[3189, 2053]","[1017, 2043]"
zaal_P,IMG_20190323_123615,1,"[532, 610]","[3244, 630]","[3197, 2513]","[528, 2523]"
zaal_P,IMG_20190323_123621,1,"[824, 539]","[3197, 524]","[3193, 2356]","[859, 2386]"
zaal_P,IMG_20190323_123708,1,"[520, 262]","[3441, 267]","[3370, 2603]","[575, 2619]"
zaal_P,IMG_20190323_123713,1,"[1025, 433]","[3370, 398]","[3351, 2386]","[1099, 2432]"
zaal_P,IMG_20190323_123717,1,"[1167, 873]","[2854, 873]","[2842, 2149]","[1174, 2139]"
zaal_P,IMG_20190323_123722,1,"[989, 428]","[3343, 403]","[3319, 2427]","[1017, 2427]"
zaal_P,IMG_20190323_123727,1,"[792, 383]","[3311, 403]","[3256, 2528]","[827, 2553]"
zaal_P,IMG_20190323_123738,1,"[358, 509]","[2621, 524]","[2586, 2906]","[343, 2866]"
zaal_P,IMG_20190323_123744,1,"[705, 514]","[3303, 524]","[3315, 2492]","[678, 2492]"
zaal_P,IMG_20190323_123751,1,"[839, 1120]","[2168, 1105]","[2164, 2810]","[871, 2800]"
zaal_P,IMG_20190323_123756,1,"[654, 933]","[2326, 958]","[2274, 2967]","[634, 2941]"
zaal_P,IMG_20190323_123801,1,"[445, 585]","[2562, 590]","[2515, 3113]","[504, 3123]"
zaal_P,IMG_20190323_123806,1,"[417, 756]","[2602, 807]","[2499, 3164]","[417, 3153]"
zaal_P,IMG_20190323_123820,1,"[705, 479]","[3126, 479]","[3146, 2326]","[701, 2351]"
zaal_Q,IMG_20190323_123517,1,"[587, 893]","[2270, 923]","[2223, 2987]","[626, 2997]"
zaal_R,IMG_20190323_123250,1,"[579, 686]","[2401, 711]","[2345, 3194]","[607, 3184]"
zaal_R,IMG_20190323_123255,1,"[670, 620]","[2369, 580]","[2349, 3078]","[741, 3068]"
zaal_R,IMG_20190323_123300,1,"[516, 736]","[2483, 782]","[2460, 3068]","[508, 3073]"
zaal_R,IMG_20190323_123307,1,"[532, 812]","[2586, 797]","[2546, 3017]","[587, 3007]"
zaal_R,IMG_20190323_123314,1,"[410, 751]","[2385, 792]","[2361, 3053]","[465, 3078]"
zaal_R,IMG_20190323_123325,1,"[622, 393]","[3055, 363]","[3043, 2487]","[654, 2482]"
zaal_R,IMG_20190323_123330,1,"[887, 539]","[2720, 529]","[2708, 2099]","[942, 2104]"
zaal_R,IMG_20190323_123340,1,"[410, 847]","[2156, 933]","[2050, 2825]","[425, 2800]"
zaal_S,IMG_20190323_122521,1,"[875, 650]","[3256, 635]","[3240, 2255]","[922, 2291]"
zaal_S,IMG_20190323_122524,1,"[1214, 862]","[2740, 852]","[2736, 2210]","[1237, 2215]"
zaal_S,IMG_20190323_122529,1,"[950, 711]","[3146, 701]","[3359, 2296]","[705, 2275]"
zaal_S,IMG_20190323_122534,1,"[1040, 741]","[3051, 736]","[3079, 2265]","[1029, 2280]"
zaal_S,IMG_20190323_122537,1,"[721, 499]","[3122, 494]","[3091, 2412]","[753, 2427]"
zaal_S,IMG_20190323_122540,1,"[1368, 873]","[2665, 862]","[2775, 1983]","[1293, 1998]"
zaal_S,IMG_20190323_122542,1,"[1324, 1160]","[2645, 1120]","[2799, 1968]","[1170, 1998]"
zaal_S,IMG_20190323_122547,1,"[406, 671]","[1375, 635]","[1348, 1286]","[299, 1317]"
zaal_S,IMG_20190323_122547,2,"[382, 1554]","[1210, 1523]","[1163, 2255]","[283, 2270]"
zaal_S,IMG_20190323_122547,3,"[1659, 812]","[2570, 772]","[2669, 1942]","[1632, 1968]"
zaal_S,IMG_20190323_122553,1,"[630, 539]","[1253, 529]","[1245, 973]","[618, 973]"
zaal_S,IMG_20190323_122553,2,"[686, 1120]","[1167, 1105]","[1167, 1518]","[678, 1529]"
zaal_S,IMG_20190323_122553,3,"[555, 1690]","[1281, 1675]","[1277, 2265]","[528, 2280]"
zaal_S,IMG_20190323_122553,4,"[1427, 671]","[1991, 666]","[1991, 1372]","[1423, 1377]"
zaal_S,IMG_20190323_122553,5,"[1360, 1569]","[2042, 1559]","[2054, 2084]","[1356, 2094]"
zaal_S,IMG_20190323_122553,6,"[2211, 479]","[3725, 469]","[3788, 1518]","[2223, 1529]"
zaal_S,IMG_20190323_122553,7,"[2318, 1761]","[2763, 1756]","[2779, 2164]","[2326, 2164]"
zaal_S,IMG_20190323_122553,8,"[2960, 1700]","[3717, 1685]","[3749, 2220]","[2980, 2225]"
zaal_S,IMG_20190323_122600,1,"[410, 222]","[2763, 247]","[2874, 3133]","[260, 3103]"
zaal_S,IMG_20190323_122613,1,"[693, 348]","[3169, 373]","[3134, 2502]","[709, 2508]"
zaal_S,IMG_20190323_122617,1,"[1194, 751]","[2834, 772]","[3016, 2180]","[1001, 2169]"
zaal_S,IMG_20190323_122626,1,"[891, 519]","[3106, 534]","[3146, 2230]","[847, 2220]"
zaal_S,IMG_20190323_122635,1,"[1076, 918]","[2740, 928]","[2712, 2079]","[1092, 2094]"
zaal_S,IMG_20190323_122638,1,"[1025, 509]","[3087, 545]","[3280, 2563]","[796, 2548]"
zaal_S,IMG_20190323_122641,1,"[1620, 1261]","[2602, 1266]","[2665, 1675]","[1584, 1675]"
zaal_S,IMG_20190323_122646,1,"[484, 408]","[2708, 373]","[2586, 3133]","[536, 3083]"
zaal_S,IMG_20190323_122649,1,"[1833, 70]","[3012, 50]","[3114, 857]","[1805, 867]"
zaal_S,IMG_20190323_122649,2,"[1415, 953]","[2578, 943]","[2629, 1791]","[1340, 1786]"
zaal_S,IMG_20190323_122651,1,"[1502, 1226]","[2554, 1211]","[2708, 1932]","[1443, 1963]"
zaal_S,IMG_20190323_122656,1,"[808, 913]","[2251, 923]","[2192, 2558]","[827, 2538]"
zaal_S,IMG_20190323_122659,1,"[847, 1009]","[2310, 999]","[2531, 2931]","[595, 2921]"
zaal_S,IMG_20190323_122709,1,"[548, 656]","[1029, 666]","[1021, 1019]","[524, 1009]"
zaal_S,IMG_20190323_122709,2,"[382, 1059]","[827, 1059]","[824, 1382]","[374, 1367]"
zaal_S,IMG_20190323_122709,3,"[370, 1453]","[1005, 1448]","[985, 2245]","[339, 2250]"
zaal_S,IMG_20190323_122709,4,"[1372, 656]","[1853, 666]","[1856, 893]","[1368, 883]"
zaal_S,IMG_20190323_122709,5,"[1123, 943]","[2010, 963]","[2018, 1766]","[1119, 1771]"
zaal_S,IMG_20190323_122709,6,"[1190, 1841]","[1675, 1836]","[1675, 2190]","[1182, 2200]"
zaal_S,IMG_20190323_122709,7,"[2180, 903]","[3694, 928]","[3733, 2079]","[2184, 2079]"
zaal_S,IMG_20190323_122720,1,"[201, 1463]","[1021, 1463]","[1005, 2134]","[169, 2144]"
zaal_S,IMG_20190323_122720,2,"[1159, 600]","[1868, 610]","[1872, 1488]","[1143, 1488]"
zaal_S,IMG_20190323_122720,3,"[1182, 1584]","[1750, 1594]","[1754, 2033]","[1174, 2038]"
zaal_S,IMG_20190323_122720,4,"[1963, 691]","[2866, 691]","[2870, 1301]","[1959, 1301]"
zaal_S,IMG_20190323_122720,5,"[1939, 1554]","[2515, 1554]","[2527, 2063]","[1939, 2063]"
zaal_S,IMG_20190323_122720,6,"[2582, 1433]","[2956, 1428]","[2976, 1872]","[2590, 1862]"
zaal_S,IMG_20190323_122720,7,"[3059, 630]","[3706, 635]","[3737, 1458]","[3075, 1458]"
zaal_S,IMG_20190323_122720,8,"[3244, 1574]","[3706, 1569]","[3725, 2109]","[3260, 2119]"
zaal_S,IMG_20190323_122727,1,"[962, 1180]","[2073, 1175]","[2101, 2442]","[977, 2452]"
zaal_S,IMG_20190323_122730,1,"[1226, 656]","[3225, 656]","[3205, 2376]","[1206, 2366]"
zaal_S,IMG_20190323_122734,1,"[1060, 847]","[2929, 847]","[3118, 2139]","[863, 2139]"
zaal_S,IMG_20190323_122741,1,"[930, 1266]","[2121, 1256]","[2239, 2810]","[820, 2820]"
zaal_S,IMG_20190323_122744,1,"[1092, 671]","[2874, 681]","[2889, 2084]","[1096, 2094]"
zaal_S,IMG_20190323_122748,1,"[1005, 388]","[3319, 413]","[3327, 2326]","[1013, 2346]"
zaal_S,IMG_20190323_122752,1,"[1423, 999]","[2759, 989]","[2732, 1877]","[1446, 1877]"
zaal_S,IMG_20190323_122754,1,"[106, 499]","[1060, 479]","[1056, 1276]","[82, 1276]"
zaal_S,IMG_20190323_122754,2,"[1210, 716]","[3031, 661]","[3087, 2285]","[1194, 2291]"
zaal_S,IMG_20190323_122759,1,"[1285, 691]","[3055, 691]","[3173, 1609]","[1253, 1635]"
zaal_S,IMG_20190323_122803,1,"[421, 2200]","[1210, 2185]","[1131, 2891]","[264, 2906]"
zaal_S,IMG_20190323_122803,2,"[1443, 2134]","[2282, 2129]","[2318, 2926]","[1372, 2931]"
zaal_S,IMG_20190323_122803,3,"[1320, 837]","[2677, 832]","[2779, 1912]","[1194, 1932]"
zaal_S,IMG_20190323_122809,1,"[946, 1261]","[1920, 1286]","[1991, 2477]","[824, 2472]"
zaal_S,IMG_20190323_122809,2,"[1521, 2664]","[2310, 2664]","[2385, 3360]","[1510, 3365]"
zaal_S,IMG_20190323_122812,1,"[827, 1014]","[1856, 1019]","[1845, 1846]","[737, 1867]"
zaal_S,IMG_20190323_122812,2,"[2160, 953]","[3268, 943]","[3359, 1872]","[2168, 1877]"
zaal_S,IMG_20190323_122815,1,"[753, 560]","[3004, 575]","[2972, 2376]","[780, 2386]"
zaal_S,IMG_20190323_122819,1,"[934, 736]","[3063, 777]","[3035, 2291]","[934, 2270]"
zaal_S,IMG_20190323_122821,1,"[1198, 615]","[2866, 575]","[3063, 1957]","[1076, 2018]"
zaal_S,IMG_20190323_122830,1,"[831, 408]","[3284, 398]","[3284, 2543]","[883, 2578]"
zaal_S,IMG_20190323_122834,1,"[954, 1327]","[1947, 1347]","[1916, 2543]","[958, 2518]"
zaal_S,IMG_20190323_122838,1,"[997, 832]","[3284, 802]","[3512, 2114]","[776, 2124]"
zaal_S,IMG_20190323_122844,1,"[449, 454]","[1797, 474]","[1797, 1226]","[421, 1216]"
zaal_S,IMG_20190323_122844,2,"[524, 1685]","[796, 1690]","[784, 2023]","[504, 2013]"
zaal_S,IMG_20190323_122844,3,"[918, 1428]","[1758, 1428]","[1754, 2185]","[894, 2190]"
zaal_S,IMG_20190323_122844,4,"[1939, 756]","[2645, 751]","[2657, 1352]","[1943, 1357]"
zaal_S,IMG_20190323_122844,5,"[1931, 1534]","[2653, 1534]","[2661, 2063]","[1931, 2063]"
zaal_S,IMG_20190323_122844,6,"[2763, 499]","[3268, 504]","[3280, 1150]","[2767, 1155]"
zaal_S,IMG_20190323_122844,7,"[3071, 1231]","[3402, 1226]","[3410, 1503]","[3075, 1508]"
zaal_S,IMG_20190323_122844,8,"[3501, 1211]","[3867, 1211]","[3871, 1513]","[3505, 1523]"
zaal_S,IMG_20190323_122844,9,"[2862, 1579]","[3611, 1574]","[3639, 2200]","[2874, 2210]"
zaal_S,IMG_20190323_122850,1,"[618, 504]","[2582, 444]","[2669, 3189]","[563, 3174]"
zaal_S,IMG_20190323_122859,1,"[1190, 746]","[3016, 751]","[2992, 2255]","[1214, 2280]"
zaal_S,IMG_20190323_122902,1,"[1159, 1155]","[1904, 1185]","[1935, 2538]","[1060, 2513]"
zaal_S,IMG_20190323_122907,1,"[954, 676]","[2858, 676]","[2822, 2079]","[1005, 2094]"
zaal_S,IMG_20190323_122910,1,"[1080, 474]","[2925, 474]","[2834, 2260]","[1115, 2240]"
zaal_S,IMG_20190323_122915,1,"[1174, 605]","[2850, 600]","[2968, 2144]","[1052, 2154]"
zaal_S,IMG_20190323_122919,1,"[378, 287]","[1375, 312]","[1368, 1079]","[354, 1069]"
zaal_S,IMG_20190323_122919,2,"[421, 1180]","[1182, 1185]","[1178, 1710]","[402, 1695]"
zaal_S,IMG_20190323_122919,3,"[488, 1811]","[1025, 1806]","[1005, 2220]","[469, 2215]"
zaal_S,IMG_20190323_122919,4,"[1545, 328]","[2759, 353]","[2763, 1448]","[1529, 1443]"
zaal_S,IMG_20190323_122919,5,"[1297, 1539]","[1912, 1544]","[1908, 2149]","[1289, 2164]"
zaal_S,IMG_20190323_122919,6,"[2030, 1574]","[2744, 1574]","[2751, 2134]","[2026, 2124]"
zaal_S,IMG_20190323_122919,7,"[3008, 388]","[3473, 393]","[3489, 1236]","[3016, 1226]"
zaal_S,IMG_20190323_122919,8,"[2893, 1468]","[3698, 1473]","[3710, 2164]","[2901, 2144]"
zaal_S,IMG_20190323_122925,1,"[1210, 590]","[2850, 610]","[2744, 1796]","[1261, 1806]"
zaal_S,IMG_20190323_122927,1,"[1040, 792]","[3197, 802]","[3288, 2361]","[962, 2366]"
zaal_S,IMG_20190323_122932,1,"[1415, 1069]","[2574, 1064]","[2645, 2023]","[1332, 2033]"
zaal_S,IMG_20190323_122932,2,"[1407, 2169]","[2405, 2164]","[2436, 2952]","[1356, 2947]"
zaal_S,IMG_20190323_122939,1,"[78, 1836]","[701, 1831]","[689, 2270]","[63, 2265]"
zaal_S,IMG_20190323_122939,2,"[3445, 1927]","[3922, 1922]","[3942, 2301]","[3449, 2301]"
zaal_S,IMG_20190323_122939,3,"[938, 469]","[3016, 454]","[3059, 2245]","[914, 2240]"
zaal_S,IMG_20190323_122944,1,"[441, 696]","[1734, 721]","[1730, 1690]","[406, 1690]"
zaal_S,IMG_20190323_122944,2,"[532, 1786]","[1060, 1776]","[1044, 2225]","[520, 2225]"
zaal_S,IMG_20190323_122944,3,"[1151, 1826]","[1667, 1821]","[1663, 2190]","[1135, 2195]"
zaal_S,IMG_20190323_122944,4,"[1864, 696]","[3560, 706]","[3611, 2159]","[1856, 2164]"
zaal_S,IMG_20190323_122950,1,"[1202, 721]","[2941, 716]","[2878, 1912]","[1249, 1907]"
zaal_S,IMG_20190323_122952,1,"[1257, 741]","[2826, 736]","[2779, 2028]","[1305, 2018]"
zaal_S,IMG_20190323_122958,1,"[938, 600]","[2925, 605]","[3039, 2174]","[816, 2195]"
zaal_S,IMG_20190323_123004,1,"[551, 408]","[3240, 423]","[3315, 2508]","[457, 2528]"
zaal_S,IMG_20190323_123009,1,"[693, 878]","[2164, 857]","[2164, 2694]","[693, 2694]"
zaal_S,IMG_20190323_123015,1,"[705, 287]","[3232, 287]","[3296, 2376]","[611, 2371]"
zaal_S,IMG_20190323_123021,1,"[977, 1059]","[2042, 1064]","[2022, 2896]","[981, 2871]"
zaal_S,IMG_20190323_123023,1,"[1332, 802]","[2811, 817]","[2913, 1831]","[1261, 1831]"
zaal_S,IMG_20190323_123029,1,"[595, 388]","[3256, 433]","[3315, 2472]","[496, 2472]"
zaal_S,IMG_20190323_123036,1,"[551, 529]","[3619, 534]","[3658, 2371]","[477, 2326]"
zaal_S,IMG_20190323_123051,1,"[737, 267]","[3303, 196]","[3398, 2442]","[622, 2467]"
zaal_V,IMG_20190323_121716,1,"[768, 403]","[3465, 383]","[3461, 2669]","[796, 2629]"
zaal_V,IMG_20190323_121727,1,"[516, 403]","[3706, 413]","[3670, 2709]","[528, 2719]"
zaal_V,IMG_20190323_121732,1,"[831, 373]","[3201, 353]","[3158, 2407]","[875, 2391]"
zaal_V,IMG_20190323_121737,1,"[851, 560]","[3193, 504]","[3130, 2169]","[958, 2154]"
zaal_V,IMG_20190323_121740,1,"[946, 635]","[3323, 595]","[3351, 2487]","[950, 2513]"
zaal_V,IMG_20190323_121743,1,"[1265, 736]","[3079, 716]","[3087, 2220]","[1277, 2230]"
zaal_V,IMG_20190323_121746,1,"[950, 661]","[3213, 645]","[3130, 2149]","[1052, 2154]"
zaal_V,IMG_20190323_121750,1,"[626, 539]","[3552, 524]","[3512, 2472]","[650, 2437]"
zaal_V,IMG_20190323_121753,1,"[1506, 721]","[2669, 711]","[2826, 1877]","[1454, 1927]"
zaal_V,IMG_20190323_121800,1,"[816, 363]","[3414, 338]","[3280, 2205]","[954, 2220]"
zaal_V,IMG_20190323_121804,1,"[339, 191]","[3678, 237]","[3449, 2659]","[555, 2674]"
zaal_V,IMG_20190323_121808,1,"[1135, 575]","[3106, 545]","[3169, 2275]","[1096, 2275]"
zaal_V,IMG_20190323_121812,1,"[630, 151]","[3225, 100]","[3201, 2679]","[756, 2689]"
zaal_V,IMG_20190323_121817,1,"[827, 353]","[3031, 297]","[3004, 2810]","[883, 2830]"
zaal_V,IMG_20190323_121820,1,"[1115, 403]","[2949, 433]","[2834, 2427]","[1206, 2442]"
zaal_V,IMG_20190323_121823,1,"[1226, 746]","[2791, 731]","[2724, 2391]","[1301, 2407]"
zaal_V,IMG_20190323_121825,1,"[1025, 494]","[3217, 444]","[3307, 2311]","[969, 2321]"
zaal_V,IMG_20190323_121829,1,"[1040, 418]","[3110, 413]","[3063, 2654]","[1048, 2619]"
zaal_V,IMG_20190323_121833,1,"[1060, 206]","[3201, 206]","[3165, 2694]","[1096, 2684]"
zaal_II,IMG_20190323_111200,1,"[997, 595]","[3205, 550]","[3323, 2619]","[910, 2624]"
zaal_II,IMG_20190323_111336,1,"[831, 262]","[3193, 257]","[3248, 2679]","[745, 2669]"
zaal_1,IMG_20190323_111717,1,"[417, 257]","[2113, 257]","[2109, 3249]","[524, 3300]"
zaal_1,IMG_20190323_111739,1,"[378, 898]","[3792, 913]","[3788, 1932]","[386, 1947]"
zaal_1,IMG_20190323_111749,1,"[272, 1004]","[737, 1004]","[753, 1650]","[272, 1655]"
zaal_1,IMG_20190323_111749,2,"[934, 1024]","[1387, 1019]","[1391, 1655]","[934, 1660]"
zaal_1,IMG_20190323_111749,3,"[2002, 1160]","[2341, 1160]","[2337, 1523]","[1994, 1518]"
zaal_1,IMG_20190323_111749,4,"[2606, 1261]","[2787, 1261]","[2783, 1443]","[2606, 1443]"
zaal_1,IMG_20190323_111749,5,"[2862, 1266]","[3043, 1261]","[3043, 1448]","[2862, 1448]"
zaal_1,IMG_20190323_111749,6,"[3311, 1251]","[3481, 1241]","[3473, 1463]","[3307, 1463]"
zaal_1,IMG_20190323_111749,7,"[3741, 1211]","[3922, 1216]","[3918, 1503]","[3741, 1498]"
zaal_1,IMG_20190323_111804,1,"[165, 605]","[3844, 610]","[3824, 2326]","[181, 2351]"
zaal_1,IMG_20190323_111817,1,"[319, 751]","[3702, 777]","[3646, 1776]","[346, 1761]"
zaal_1,IMG_20190323_111828,1,"[469, 630]","[2412, 645]","[2322, 2679]","[524, 2644]"
zaal_1,IMG_20190323_111837,1,"[433, 575]","[2373, 630]","[2255, 2674]","[469, 2639]"
zaal_1,IMG_20190323_111845,1,"[236, 832]","[1344, 827]","[1352, 2180]","[236, 2169]"
zaal_1,IMG_20190323_111845,2,"[2334, 666]","[3662, 661]","[3654, 2316]","[2322, 2326]"
zaal_1,IMG_20190323_111852,1,"[536, 494]","[2385, 514]","[2326, 3093]","[579, 3103]"
zaal_1,IMG_20190323_111858,1,"[520, 433]","[2468, 388]","[2416, 3320]","[587, 3290]"
zaal_2,IMG_20190323_112012,1,"[1072, 761]","[1987, 777]","[1971, 1973]","[1072, 1968]"
zaal_2,IMG_20190323_112012,2,"[2290, 772]","[3213, 767]","[3189, 1983]","[2270, 1978]"
zaal_2,IMG_20190323_112018,1,"[382, 681]","[2570, 630]","[2562, 3184]","[461, 3179]"
zaal_2,IMG_20190323_112026,1,"[256, 565]","[2680, 550]","[2633, 3229]","[311, 3209]"
zaal_2,IMG_20190323_112038,1,"[1797, 1160]","[2412, 1150]","[2436, 1579]","[1770, 1579]"
zaal_2,IMG_20190323_112045,1,"[1099, 1195]","[1880, 1175]","[1876, 2205]","[1119, 2205]"
zaal_2,IMG_20190323_112058,1,"[228, 994]","[1139, 984]","[1143, 1756]","[252, 1746]"
zaal_2,IMG_20190323_112058,2,"[2830, 984]","[3840, 994]","[3836, 1816]","[2830, 1811]"
zaal_2,IMG_20190323_112058,3,"[1738, 1145]","[2235, 1145]","[2239, 1670]","[1734, 1695]"
zaal_2,IMG_20190323_112107,1,"[311, 989]","[3717, 1009]","[3477, 1624]","[540, 1624]"
zaal_2,IMG_20190323_112107,2,"[299, 989]","[3717, 1009]","[3682, 1635]","[323, 1645]"
zaal_2,IMG_20190323_112113,1,"[1253, 111]","[1695, 105]","[1687, 696]","[1226, 691]"
zaal_2,IMG_20190323_112113,2,"[1845, 95]","[2306, 95]","[2306, 691]","[1833, 691]"
zaal_2,IMG_20190323_112113,3,"[721, 1170]","[1935, 1180]","[1912, 2725]","[630, 2699]"
zaal_2,IMG_20190323_112113,4,"[2799, 1740]","[3445, 1735]","[3465, 2240]","[2799, 2230]"
zaal_2,IMG_20190323_112120,1,"[496, 918]","[894, 918]","[894, 1438]","[504, 1438]"
zaal_2,IMG_20190323_112120,2,"[1131, 1140]","[1525, 1140]","[1529, 1675]","[1135, 1670]"
zaal_2,IMG_20190323_112120,3,"[1651, 1155]","[2034, 1150]","[2038, 1670]","[1648, 1675]"
zaal_2,IMG_20190323_112120,4,"[2499, 756]","[3615, 746]","[3615, 2058]","[2483, 2084]"
zaal_2,IMG_20190323_112130,1,"[1111, 479]","[2736, 459]","[2771, 1690]","[1048, 1700]"
zaal_2,IMG_20190323_112130,2,"[2921, 1831]","[3544, 1836]","[3607, 2603]","[2953, 2603]"
zaal_2,IMG_20190323_112130,3,"[2432, 2033]","[2661, 2033]","[2665, 2341]","[2432, 2341]"
zaal_2,IMG_20190323_112130,4,"[2144, 2033]","[2357, 2038]","[2369, 2346]","[2140, 2341]"
zaal_2,IMG_20190323_112130,5,"[1793, 1902]","[2010, 1907]","[2006, 2200]","[1793, 2200]"
zaal_2,IMG_20190323_112147,1,"[749, 550]","[2531, 565]","[2475, 2830]","[760, 2851]"
zaal_2,IMG_20190323_112153,1,"[205, 282]","[2862, 297]","[2767, 3416]","[291, 3436]"
zaal_2,IMG_20190323_112200,1,"[220, 1170]","[2188, 1150]","[2215, 3441]","[260, 3426]"
zaal_2,IMG_20190323_112200,2,"[1253, 307]","[1754, 292]","[1758, 963]","[1261, 963]"
zaal_2,IMG_20190323_112200,3,"[1991, 287]","[2495, 272]","[2499, 938]","[2002, 958]"
"zaal_2","IMG_20190323_112206",1,"[181, 282]","[1754, 237]","[1797, 2780]","[216, 2820]"
"zaal_2","IMG_20190323_112206",2,"[2042, 363]","[2617, 368]","[2621, 1135]","[2046, 1135]"
"zaal_2","IMG_20190323_112206",3,"[3020, 1160]","[3753, 1150]","[3761, 1730]","[3024, 1730]"
"zaal_2","IMG_20190323_112211",1,"[776, 464]","[3280, 423]","[3252, 2472]","[835, 2482]"
"zaal_2","IMG_20190323_112217",1,"[481, 625]","[2464, 625]","[2401, 3108]","[524, 3098]"
"zaal_2","IMG_20190323_112228",1,"[398, 847]","[2562, 852]","[2523, 2825]","[461, 2825]"
"zaal_2","IMG_20190323_112235",1,"[488, 464]","[2385, 454]","[2345, 3365]","[500, 3345]"
"zaal_5","IMG_20190323_112625",1,"[370, 338]","[2582, 353]","[2594, 2841]","[382, 2856]"
"zaal_5","IMG_20190323_112639",1,"[481, 126]","[2554, 131]","[2566, 2957]","[429, 2967]"
"zaal_5","IMG_20190323_112652",1,"[299, 338]","[2554, 343]","[2653, 3189]","[256, 3244]"
"zaal_5","IMG_20190323_112706",1,"[402, 196]","[2531, 181]","[2586, 2997]","[374, 3007]"
"zaal_5","IMG_20190323_112715",1,"[275, 237]","[2684, 257]","[2775, 3083]","[232, 3108]"
"zaal_5","IMG_20190323_112728",1,"[670, 338]","[3453, 322]","[3512, 2684]","[615, 2659]"
"zaal_5","IMG_20190323_112737",1,"[417, 262]","[2621, 262]","[2590, 2901]","[382, 2896]"
"zaal_5","IMG_20190323_112747",1,"[591, 746]","[2491, 797]","[2499, 2901]","[563, 2921]"
"zaal_5","IMG_20190323_112800",1,"[705, 257]","[3402, 267]","[3532, 2553]","[603, 2558]"
"zaal_6","IMG_20190323_112904",1,"[737, 454]","[3658, 519]","[3615, 2457]","[760, 2497]"
"zaal_6","IMG_20190323_112910",1,"[618, 398]","[3213, 449]","[3177, 2427]","[646, 2457]"
"zaal_6","IMG_20190323_112917",1,"[910, 736]","[3075, 756]","[3071, 2296]","[910, 2291]"
"zaal_6","IMG_20190323_112923",1,"[500, 322]","[3323, 292]","[3311, 2528]","[536, 2528]"
"zaal_6","IMG_20190323_112927",1,"[784, 423]","[3654, 408]","[3654, 2634]","[788, 2649]"
"zaal_6","IMG_20190323_112938",1,"[169, 620]","[2239, 630]","[2227, 2094]","[212, 2084]"
"zaal_6","IMG_20190323_112938",2,"[2744, 812]","[3694, 812]","[3670, 1927]","[2736, 1932]"
"zaal_6","IMG_20190323_112947",1,"[169, 333]","[3918, 418]","[3855, 2553]","[165, 2533]"
"zaal_6","IMG_20190323_112956",1,"[374, 514]","[2598, 565]","[2515, 3143]","[433, 3158]"
"zaal_6","IMG_20190323_113018",1,"[544, 201]","[3473, 242]","[3418, 2629]","[567, 2639]"
"zaal_6","IMG_20190323_113025",1,"[760, 459]","[2941, 479]","[2929, 2376]","[776, 2386]"
"zaal_7","IMG_20190323_113057",1,"[299, 539]","[2617, 555]","[2625, 3290]","[283, 3401]"
"zaal_7","IMG_20190323_113103",1,"[776, 454]","[3248, 469]","[3252, 2502]","[788, 2553]"
"zaal_7","IMG_20190323_113114",1,"[382, 368]","[3733, 423]","[3737, 2725]","[382, 2780]"
"zaal_7","IMG_20190323_113121",1,"[575, 479]","[3217, 519]","[3181, 2407]","[603, 2396]"
"zaal_7","IMG_20190323_113129",1,"[193, 610]","[2653, 605]","[2550, 3310]","[220, 3249]"
"zaal_7","IMG_20190323_113134",1,"[291, 731]","[2748, 772]","[2657, 2931]","[343, 2982]"
"zaal_7","IMG_20190323_113141",1,"[157, 620]","[2803, 681]","[2724, 3340]","[205, 3335]"
"zaal_7","IMG_20190323_113148",1,"[484, 893]","[2196, 883]","[2156, 2750]","[532, 2755]"
"zaal_7","IMG_20190323_113202",1,"[894, 630]","[3292, 681]","[3185, 2134]","[973, 2114]"
"zaal_7","IMG_20190323_113208",1,"[260, 201]","[2172, 196]","[2196, 2396]","[193, 2427]"
"zaal_7","IMG_20190323_113208",2,"[2661, 1231]","[3769, 1221]","[3824, 2573]","[2732, 2593]"
"zaal_7","IMG_20190323_113216",1,"[603, 418]","[3552, 408]","[3548, 2588]","[626, 2578]"
"zaal_8","IMG_20190323_113257",1,"[189, 373]","[2665, 423]","[2574, 3229]","[248, 3229]"
"zaal_8","IMG_20190323_113303",1,"[216, 499]","[2751, 560]","[2712, 3381]","[264, 3466]"
"zaal_8","IMG_20190323_113309",1,"[299, 398]","[2748, 403]","[2641, 3068]","[378, 3053]"
"zaal_8","IMG_20190323_113317",1,"[473, 196]","[3702, 201]","[3686, 2699]","[532, 2745]"
"zaal_8","IMG_20190323_113333",1,"[189, 413]","[2763, 388]","[2692, 3517]","[256, 3497]"
"zaal_8","IMG_20190323_113340",1,"[248, 131]","[2767, 156]","[2661, 3229]","[335, 3229]"
"zaal_8","IMG_20190323_113346",1,"[705, 893]","[2341, 913]","[2278, 2820]","[749, 2851]"
"zaal_8","IMG_20190323_113351",1,"[701, 252]","[3650, 312]","[3477, 2608]","[855, 2664]"
"zaal_8","IMG_20190323_113355",1,"[579, 191]","[3520, 237]","[3710, 2780]","[441, 2836]"
"zaal_8","IMG_20190323_113401",1,"[753, 494]","[3481, 514]","[3505, 2593]","[768, 2624]"
"zaal_9","IMG_20190323_113653",1,"[571, 398]","[3205, 444]","[3173, 2608]","[540, 2634]"
"zaal_9","IMG_20190323_113701",1,"[272, 363]","[2728, 459]","[2610, 3254]","[291, 3209]"
"zaal_9","IMG_20190323_113728",1,"[524, 262]","[3402, 277]","[3351, 2634]","[563, 2624]"
"zaal_9","IMG_20190323_113734",1,"[642, 358]","[3106, 333]","[3063, 2099]","[717, 2119]"
"zaal_9","IMG_20190323_113739",1,"[693, 378]","[3501, 353]","[3457, 2396]","[741, 2386]"
"zaal_9","IMG_20190323_113745",1,"[398, 50]","[2953, 60]","[2751, 3350]","[512, 3340]"
"zaal_10","IMG_20190323_113818",1,"[134, 539]","[2637, 580]","[2539, 3436]","[173, 3431]"
"zaal_10","IMG_20190323_113824",1,"[1198, 746]","[2771, 736]","[2755, 1927]","[1214, 1917]"
"zaal_10","IMG_20190323_113829",1,"[875, 560]","[3138, 545]","[3102, 2447]","[918, 2437]"
"zaal_10","IMG_20190323_113834",1,"[374, 489]","[2704, 494]","[2594, 3224]","[429, 3199]"
"zaal_10","IMG_20190323_113840",1,"[307, 671]","[2558, 701]","[2511, 3360]","[346, 3360]"
"zaal_10","IMG_20190323_113846",1,"[394, 494]","[2487, 534]","[2408, 3386]","[406, 3335]"
"zaal_10","IMG_20190323_113859",1,"[776, 524]","[3260, 529]","[3221, 2316]","[800, 2336]"
"zaal_10","IMG_20190323_113904",1,"[358, 242]","[2755, 302]","[2617, 3411]","[425, 3416]"
"zaal_10","IMG_20190323_113909",1,"[626, 358]","[3276, 398]","[3217, 2356]","[693, 2402]"
"zaal_10","IMG_20190323_113915",1,"[220, 348]","[2673, 383]","[2546, 3643]","[268, 3618]"
"zaal_10","IMG_20190323_113920",1,"[445, 459]","[2483, 474]","[2381, 3103]","[548, 3103]"
"zaal_10","IMG_20190323_113924",1,"[402, 343]","[2594, 388]","[2483, 3209]","[500, 3244]"
"zaal_10","IMG_20190323_113929",1,"[512, 691]","[2298, 711]","[2207, 2881]","[591, 2871]"
"zaal_10","IMG_20190323_113933",1,"[516, 267]","[3319, 333]","[3272, 2694]","[587, 2785]"
"zaal_10","IMG_20190323_113938",1,"[208, 444]","[2531, 454]","[2405, 3456]","[287, 3461]"
"zaal_11","IMG_20190323_114030",1,"[224, 317]","[3662, 307]","[3635, 2780]","[272, 2780]"
"zaal_11","IMG_20190323_114036",1,"[567, 232]","[3445, 242]","[3390, 2608]","[630, 2654]"
"zaal_11","IMG_20190323_114042",1,"[540, 519]","[2353, 514]","[2314, 3315]","[583, 3325]"
"zaal_11","IMG_20190323_114048",1,"[283, 232]","[2665, 232]","[2546, 3421]","[362, 3386]"
"zaal_11","IMG_20190323_114053",1,"[378, 333]","[2680, 353]","[2586, 3365]","[469, 3375]"
"zaal_11","IMG_20190323_114059",1,"[291, 55]","[3599, 111]","[3532, 2745]","[366, 2790]"
"zaal_11","IMG_20190323_114105",1,"[370, 363]","[3193, 353]","[3169, 2487]","[457, 2518]"
"zaal_11","IMG_20190323_114113",1,"[540, 620]","[2389, 640]","[2314, 3098]","[591, 3093]"
"zaal_11","IMG_20190323_114121",1,"[867, 615]","[2882, 615]","[2870, 2079]","[894, 2084]"
"zaal_11","IMG_20190323_114127",1,"[331, 388]","[2519, 363]","[2432, 3335]","[402, 3259]"
"zaal_12","IMG_20190323_114204",1,"[760, 984]","[2113, 701]","[2109, 2916]","[816, 2613]"
"zaal_12","IMG_20190323_114236",1,"[686, 378]","[2129, 721]","[2061, 2629]","[717, 2896]"
"zaal_12","IMG_20190323_114238",1,"[1308, 1539]","[1695, 1599]","[1667, 2306]","[1285, 2366]"
"zaal_12","IMG_20190323_114244",1,"[1005, 1271]","[2042, 1271]","[2026, 2583]","[1013, 2588]"
"zaal_13","IMG_20190323_114444",1,"[666, 469]","[3319, 474]","[3292, 2447]","[701, 2452]"
"zaal_13","IMG_20190323_114450",1,"[425, 247]","[3516, 262]","[3508, 2714]","[441, 2765]"
"zaal_13","IMG_20190323_114502",1,"[749, 373]","[3351, 428]","[3347, 2583]","[737, 2629]"
"zaal_13","IMG_20190323_114519",1,"[630, 444]","[3370, 423]","[3402, 2588]","[674, 2659]"
"zaal_13","IMG_20190323_114528",1,"[808, 590]","[3126, 555]","[3118, 2351]","[847, 2381]"
"zaal_13","IMG_20190323_114535",1,"[382, 449]","[3615, 403]","[3595, 2583]","[449, 2608]"
"zaal_13","IMG_20190323_114542",1,"[272, 383]","[3706, 393]","[3757, 2427]","[244, 2407]"
"zaal_13","IMG_20190323_114551",1,"[536, 348]","[3465, 348]","[3426, 2472]","[563, 2528]"
"zaal_13","IMG_20190323_114601",1,"[394, 227]","[3540, 262]","[3560, 2518]","[358, 2548]"
"zaal_13","IMG_20190323_114619",1,"[729, 408]","[3390, 449]","[3426, 2518]","[701, 2548]"
"zaal_13","IMG_20190323_114629",1,"[962, 449]","[3236, 469]","[3209, 2412]","[993, 2432]"
"zaal_13","IMG_20190323_114634",1,"[835, 302]","[3181, 282]","[3197, 2644]","[851, 2709]"
"zaal_13","IMG_20190323_114642",1,"[650, 454]","[3485, 479]","[3457, 2452]","[697, 2467]"
"zaal_14","IMG_20190323_114720",1,"[488, 201]","[2503, 191]","[2586, 3295]","[449, 3315]"
"zaal_14","IMG_20190323_114730",1,"[516, 640]","[2294, 620]","[2337, 2810]","[536, 2825]"
"zaal_14","IMG_20190323_114742",1,"[220, 489]","[2791, 464]","[2744, 3335]","[264, 3345]"
"zaal_14","IMG_20190323_114750",1,"[417, 211]","[3481, 206]","[3512, 2487]","[406, 2472]"
"zaal_14","IMG_20190323_114800",1,"[224, 514]","[2751, 529]","[2665, 3209]","[362, 3219]"
"zaal_14","IMG_20190323_114807",1,"[260, 267]","[3713, 211]","[3749, 2528]","[240, 2533]"
"zaal_14","IMG_20190323_114815",1,"[559, 590]","[2613, 605]","[2515, 2941]","[595, 2926]"
"zaal_14","IMG_20190323_114826",1,"[512, 206]","[3505, 196]","[3572, 2891]","[469, 2906]"
"zaal_14","IMG_20190323_114836",1,"[437, 292]","[3489, 297]","[3540, 2583]","[350, 2588]"
"zaal_14","IMG_20190323_114845",1,"[512, 363]","[3501, 373]","[3508, 2598]","[540, 2689]"
"zaal_14","IMG_20190323_114853",1,"[587, 484]","[3244, 484]","[3260, 2477]","[575, 2472]"
"zaal_14","IMG_20190323_114917",1,"[792, 585]","[2921, 595]","[2909, 2301]","[808, 2301]"
"zaal_14","IMG_20190323_114924",1,"[343, 590]","[2495, 580]","[2507, 3007]","[390, 3073]"
"zaal_14","IMG_20190323_114931",1,"[729, 469]","[3229, 484]","[3225, 2391]","[764, 2407]"
"zaal_15","IMG_20190323_115217",1,"[216, 408]","[2720, 403]","[2606, 3406]","[295, 3381]"
"zaal_15","IMG_20190323_115222",1,"[402, 625]","[2613, 671]","[2519, 3295]","[449, 3295]"
"zaal_15","IMG_20190323_115237",1,"[512, 287]","[3335, 312]","[3311, 2775]","[536, 2800]"
"zaal_15","IMG_20190323_115244",1,"[579, 307]","[3374, 388]","[3465, 2765]","[473, 2820]"
"zaal_15","IMG_20190323_115249",1,"[216, 444]","[2901, 413]","[2795, 3335]","[315, 3275]"
"zaal_15","IMG_20190323_115256",1,"[701, 519]","[3434, 560]","[3378, 2381]","[725, 2381]"
"zaal_15","IMG_20190323_115301",1,"[867, 509]","[3355, 499]","[3331, 2195]","[930, 2250]"
"zaal_15","IMG_20190323_115313",1,"[658, 1049]","[2724, 1110]","[2613, 3350]","[705, 3411]"
"zaal_15","IMG_20190323_115319",1,"[508, 439]","[3268, 439]","[3236, 2714]","[508, 2644]"
"zaal_15","IMG_20190323_115325",1,"[548, 686]","[2495, 656]","[2716, 3022]","[366, 3042]"
"zaal_15","IMG_20190323_115334",1,"[615, 216]","[3351, 247]","[3284, 2613]","[662, 2639]"
"zaal_15","IMG_20190323_115351",1,"[646, 358]","[3205, 368]","[3209, 2664]","[686, 2669]"
"zaal_15","IMG_20190323_115356",1,"[816, 413]","[3367, 363]","[3378, 2719]","[827, 2704]"
"zaal_15","IMG_20190323_115509",1,"[618, 383]","[3355, 363]","[3355, 2568]","[650, 2588]"
"zaal_15","IMG_20190323_115515",1,"[413, 807]","[2795, 746]","[2744, 3189]","[477, 3118]"
"zaal_15","IMG_20190323_115520",1,"[839, 388]","[3292, 393]","[3481, 2699]","[701, 2780]"
"zaal_15","IMG_20190323_115527",1,"[354, 630]","[3548, 600]","[3414, 1660]","[504, 1680]"
"zaal_15","IMG_20190323_115532",1,"[295, 812]","[3721, 761]","[3572, 1882]","[484, 1902]"
"zaal_15","IMG_20190323_115539",1,"[149, 691]","[4017, 635]","[3788, 1902]","[370, 1937]"
"zaal_15","IMG_20190323_115546",1,"[429, 600]","[3844, 635]","[3639, 1715]","[591, 1756]"
"zaal_15","IMG_20190323_115551",1,"[157, 883]","[3780, 832]","[3627, 1968]","[362, 2084]"
"zaal_15","IMG_20190323_115559",1,"[236, 701]","[3572, 716]","[3398, 1791]","[417, 1806]"
"zaal_15","IMG_20190323_115648",1,"[871, 555]","[3355, 514]","[3469, 2613]","[764, 2573]"
"zaal_15","IMG_20190323_115715",1,"[220, 383]","[2838, 333]","[2759, 3285]","[283, 3254]"
"zaal_15","IMG_20190323_115723",1,"[583, 534]","[2448, 580]","[2389, 2704]","[599, 2694]"
"zaal_15","IMG_20190323_115729",1,"[398, 600]","[2468, 610]","[2424, 2992]","[484, 2992]"
"zaal_15","IMG_20190323_115734",1,"[646, 923]","[2365, 908]","[2314, 2780]","[682, 2795]"
"zaal_15","IMG_20190323_115742",1,"[473, 938]","[2377, 913]","[2326, 3174]","[492, 3113]"
"zaal_15","IMG_20190323_115747",1,"[551, 918]","[2373, 938]","[2330, 2952]","[587, 2936]"
"zaal_15","IMG_20190323_115808",1,"[220, 524]","[2728, 519]","[2716, 3446]","[268, 3416]"
"zaal_15","IMG_20190323_115813",1,"[532, 650]","[2562, 691]","[2487, 2997]","[559, 2972]"
"zaal_15","IMG_20190323_115822",1,"[173, 514]","[2602, 565]","[2499, 3219]","[252, 3244]"
"zaal_15","IMG_20190323_115911",1,"[406, 242]","[3564, 252]","[3552, 2684]","[429, 2704]"
"zaal_15","IMG_20190323_115916",1,"[1194, 802]","[2921, 787]","[2870, 2134]","[1257, 2180]"
"zaal_15","IMG_20190323_115919",1,"[1450, 888]","[2633, 893]","[2688, 2124]","[1423, 2129]"
"zaal_15","IMG_20190323_115924",1,"[599, 257]","[3749, 252]","[3737, 2624]","[622, 2674]"
"zaal_15","IMG_20190323_115940",1,"[1411, 524]","[3587, 555]","[3552, 2089]","[1419, 2134]"
"zaal_15","IMG_20190323_115950",1,"[417, 151]","[3587, 257]","[3587, 2427]","[445, 2558]"
"zaal_15","IMG_20190323_115959",1,"[591, 898]","[2460, 852]","[2424, 3068]","[615, 3007]"
"zaal_15","IMG_20190323_120003",1,"[224, 484]","[2542, 494]","[2503, 3214]","[331, 3264]"
"zaal_15","IMG_20190323_120008",1,"[197, 333]","[2724, 317]","[2677, 3381]","[303, 3411]"
"zaal_15","IMG_20190323_120015",1,"[268, 494]","[2610, 489]","[2527, 3179]","[327, 3169]"
"zaal_15","IMG_20190323_120040",1,"[532, 191]","[3520, 176]","[3508, 2770]","[544, 2740]"
"zaal_15","IMG_20190323_120044",1,"[354, 534]","[2807, 494]","[2759, 3244]","[406, 3209]"
"zaal_15","IMG_20190323_120118",1,"[366, 156]","[3745, 176]","[3710, 2644]","[433, 2714]"
"zaal_15","IMG_20190323_120122",1,"[595, 489]","[3299, 499]","[3315, 2659]","[603, 2684]"
"zaal_15","IMG_20190323_120135",1,"[354, 156]","[3792, 146]","[3804, 2886]","[378, 2881]"
"zaal_15","IMG_20190323_120141",1,"[307, 211]","[3812, 176]","[3804, 2684]","[358, 2709]"
"zaal_15","IMG_20190323_120144",1,"[1123, 777]","[2964, 802]","[2862, 2270]","[1174, 2255]"
"zaal_15","IMG_20190323_120146",1,"[1230, 792]","[2929, 802]","[2956, 2275]","[1170, 2255]"
"zaal_15","IMG_20190323_120210",1,"[319, 615]","[2771, 600]","[2740, 2957]","[268, 2916]"
"zaal_15","IMG_20190323_120226",1,"[603, 297]","[3378, 348]","[3347, 2593]","[626, 2624]"
"zaal_15","IMG_20190323_120243",1,"[666, 227]","[3067, 252]","[3043, 2810]","[670, 2830]"
"zaal_15","IMG_20190323_120248",1,"[126, 358]","[2680, 358]","[2562, 3320]","[224, 3310]"
"zaal_15","IMG_20190323_120253",1,"[244, 666]","[2751, 640]","[2673, 3088]","[315, 3068]"
"zaal_15","IMG_20190323_120301",1,"[287, 600]","[2602, 640]","[2511, 3184]","[331, 3209]"
"zaal_15","IMG_20190323_120304",1,"[504, 1004]","[2515, 1004]","[2381, 3093]","[618, 3088]"
"zaal_15","IMG_20190323_120309",1,"[481, 984]","[2341, 973]","[2255, 2921]","[599, 2936]"
"zaal_16","IMG_20190323_120406",1,"[445, 232]","[3489, 227]","[3556, 2477]","[303, 2528]"
"zaal_16","IMG_20190323_120417",1,"[343, 353]","[2602, 282]","[2724, 3214]","[240, 3199]"
"zaal_16","IMG_20190323_120430",1,"[465, 232]","[2700, 267]","[2692, 3133]","[370, 3158]"
"zaal_16","IMG_20190323_120439",1,"[520, 292]","[3552, 237]","[3646, 2553]","[449, 2588]"
"zaal_16","IMG_20190323_120443",1,"[512, 292]","[3292, 297]","[3386, 2477]","[469, 2568]"
"zaal_17","IMG_20190323_120515",1,"[670, 565]","[2357, 545]","[2353, 2603]","[686, 2598]"
"zaal_17","IMG_20190323_120524",1,"[646, 247]","[3382, 272]","[3520, 2508]","[512, 2508]"
"zaal_17","IMG_20190323_120533",1,"[508, 428]","[2491, 423]","[2554, 2982]","[433, 2982]"
"zaal_17","IMG_20190323_120538",1,"[674, 368]","[3299, 428]","[3355, 2391]","[551, 2381]"
"zaal_17","IMG_20190323_120545",1,"[559, 545]","[2472, 580]","[2519, 3032]","[492, 3047]"
"zaal_17","IMG_20190323_120553",1,"[327, 454]","[2353, 449]","[2444, 3063]","[299, 3078]"
"zaal_17","IMG_20190323_120603",1,"[429, 262]","[2479, 247]","[2570, 3108]","[410, 3143]"
"zaal_17","IMG_20190323_120608",1,"[662, 822]","[2337, 852]","[2314, 2800]","[626, 2790]"
"zaal_17","IMG_20190323_120617",1,"[804, 161]","[3307, 176]","[3434, 2654]","[701, 2689]"
"zaal_18","IMG_20190323_120650",1,"[295, 570]","[2337, 620]","[2286, 3224]","[354, 3259]"
"zaal_18","IMG_20190323_120704",1,"[283, 736]","[2361, 731]","[2357, 3350]","[331, 3416]"
"zaal_18","IMG_20190323_120709",1,"[445, 716]","[2464, 741]","[2412, 2992]","[516, 2992]"
"zaal_18","IMG_20190323_120713",1,"[295, 746]","[2499, 741]","[2491, 3239]","[386, 3249]"
"zaal_18","IMG_20190323_120719",1,"[256, 681]","[2610, 650]","[2590, 3259]","[354, 3300]"
"zaal_18","IMG_20190323_120725",1,"[212, 731]","[2602, 736]","[2582, 3426]","[248, 3451]"
"zaal_18","IMG_20190323_120731",1,"[358, 878]","[2330, 827]","[2318, 3138]","[425, 3098]"
"zaal_18","IMG_20190323_120735",1,"[551, 736]","[2491, 731]","[2432, 2851]","[634, 2871]"
"zaal_18","IMG_20190323_120740",1,"[323, 615]","[2562, 645]","[2491, 3108]","[433, 3158]"
"zaal_18","IMG_20190323_120746",1,"[248, 600]","[2677, 580]","[2625, 3396]","[319, 3411]"
"zaal_18","IMG_20190323_120752",1,"[346, 782]","[2349, 767]","[2310, 2982]","[433, 3007]"
"zaal_18","IMG_20190323_120756",1,"[386, 620]","[2554, 656]","[2475, 3264]","[433, 3259]"
"zaal_18","IMG_20190323_120801",1,"[760, 1165]","[2132, 1175]","[2105, 2714]","[788, 2730]"
"zaal_18","IMG_20190323_120805",1,"[315, 852]","[2180, 873]","[2113, 2931]","[386, 2931]"
"zaal_18","IMG_20190323_120810",1,"[315, 711]","[2440, 696]","[2397, 3174]","[382, 3174]"
"zaal_18","IMG_20190323_120814",1,"[291, 802]","[2554, 812]","[2519, 3401]","[366, 3476]"
"zaal_19","IMG_20190323_120852",1,"[299, 620]","[2310, 650]","[2267, 3199]","[406, 3254]"
"zaal_19","IMG_20190323_120858",1,"[1277, 605]","[2933, 615]","[3012, 1781]","[1202, 1771]"
"zaal_19","IMG_20190323_120903",1,"[926, 514]","[2972, 529]","[3185, 2099]","[741, 2099]"
"zaal_19","IMG_20190323_120907",1,"[816, 1009]","[2357, 1019]","[2322, 2725]","[839, 2735]"
"zaal_19","IMG_20190323_120916",1,"[824, 433]","[3252, 474]","[3154, 2457]","[914, 2472]"
"zaal_19","IMG_20190323_120936",1,"[686, 413]","[3071, 428]","[2988, 2376]","[764, 2407]"
"zaal_19","IMG_20190323_120945",1,"[1084, 696]","[3126, 701]","[3398, 2235]","[875, 2240]"
"zaal_19","IMG_20190323_120954",1,"[1431, 514]","[2677, 489]","[2724, 1418]","[1403, 1428]"
"zaal_19","IMG_20190323_120957",1,"[1344, 842]","[2755, 827]","[2755, 1973]","[1352, 1963]"
"zaal_19","IMG_20190323_120957",2,"[3035, 1266]","[3777, 1271]","[3765, 1902]","[3039, 1892]"
"zaal_19","IMG_20190323_121003",1,"[1040, 777]","[2945, 792]","[2949, 2104]","[1056, 2114]"
"zaal_19","IMG_20190323_121006",1,"[1234, 807]","[2858, 782]","[3035, 1988]","[1123, 2028]"
"zaal_19","IMG_20190323_121012",1,"[851, 524]","[3173, 509]","[3158, 2205]","[887, 2235]"
"zaal_19","IMG_20190323_121015",1,"[906, 560]","[3031, 519]","[3292, 2013]","[618, 2038]"
"zaal_19","IMG_20190323_121021",1,"[954, 681]","[2893, 676]","[2834, 2068]","[1044, 2089]"
"zaal_19","IMG_20190323_121025",1,"[1403, 933]","[2783, 948]","[2720, 2038]","[1439, 2048]"
"zaal_19","IMG_20190323_121029",1,"[1316, 1009]","[2708, 978]","[2688, 2013]","[1379, 2068]"
"zaal_19","IMG_20190323_121032",1,"[1127, 852]","[2708, 847]","[2673, 2154]","[1194, 2159]"
"zaal_19","IMG_20190323_121037",1,"[658, 444]","[3426, 464]","[3710, 2538]","[386, 2487]"
"zaal_19","IMG_20190323_121045",1,"[1198, 761]","[2787, 787]","[2751, 2094]","[1222, 2089]"
"zaal_19","IMG_20190323_121049",1,"[1328, 973]","[2617, 968]","[2613, 1942]","[1336, 1937]"
"zaal_19","IMG_20190323_121054",1,"[918, 772]","[3225, 761]","[3489, 2391]","[634, 2381]"
"zaal_19","IMG_20190323_121100",1,"[753, 615]","[3382, 625]","[3390, 2538]","[760, 2568]"
"zaal_19","IMG_20190323_121102",1,"[1052, 469]","[2988, 454]","[3217, 1867]","[867, 1892]"
"zaal_19","IMG_20190323_121107",1,"[678, 489]","[3418, 423]","[3481, 2619]","[682, 2639]"
"zaal_19","IMG_20190323_121110",1,"[536, 206]","[1234, 222]","[1186, 620]","[421, 620]"
"zaal_19","IMG_20190323_121110",2,"[1632, 196]","[2420, 196]","[2468, 635]","[1604, 620]"
"zaal_19","IMG_20190323_121110",3,"[1301, 943]","[2775, 933]","[2949, 1907]","[1170, 1927]"
"zaal_19","IMG_20190323_121115",1,"[1005, 711]","[2783, 676]","[2759, 2169]","[1068, 2205]"
"zaal_19","IMG_20190323_121118",1,"[1040, 650]","[2893, 676]","[2818, 2225]","[1068, 2215]"
"zaal_19","IMG_20190323_121124",1,"[973, 625]","[3075, 615]","[3240, 2195]","[812, 2205]"
"zaal_19","IMG_20190323_121132",1,"[1226, 847]","[2550, 812]","[2523, 2230]","[1293, 2255]"
"zaal_19","IMG_20190323_121139",1,"[1624, 146]","[2302, 156]","[2302, 650]","[1608, 645]"
"zaal_19","IMG_20190323_121139",2,"[1577, 837]","[2594, 852]","[2657, 2169]","[1541, 2164]"
"zaal_19","IMG_20190323_121139",3,"[2460, 2346]","[2862, 2346]","[2882, 2830]","[2472, 2836]"
"zaal_19","IMG_20190323_121142",1,"[1320, 247]","[1884, 247]","[1872, 852]","[1249, 852]"
"zaal_19","IMG_20190323_121142",2,"[1644, 1241]","[2278, 1231]","[2294, 1670]","[1624, 1680]"
"zaal_19","IMG_20190323_121142",3,"[2318, 317]","[3035, 297]","[3134, 787]","[2337, 807]"
"zaal_19","IMG_20190323_121148",1,"[374, 378]","[3536, 307]","[3717, 2730]","[252, 2679]"
"zaal_19","IMG_20190323_121155",1,"[1265, 489]","[2653, 484]","[2673, 2356]","[1289, 2361]"
"zaal_19","IMG_20190323_121157",1,"[1454, 958]","[2724, 928]","[2846, 2013]","[1324, 2018]"
"zaal_19","IMG_20190323_121205",1,"[1076, 398]","[3146, 403]","[3177, 2775]","[1064, 2780]"
"zaal_19","IMG_20190323_121207",1,"[307, 95]","[883, 136]","[776, 605]","[141, 630]"
"zaal_19","IMG_20190323_121207",2,"[1245, 186]","[1608, 176]","[1569, 560]","[1174, 565]"
"zaal_19","IMG_20190323_121207",3,"[1975, 105]","[2464, 95]","[2515, 595]","[1991, 610]"
"zaal_19","IMG_20190323_121207",4,"[1435, 883]","[2519, 862]","[2665, 2154]","[1320, 2149]"
"zaal_19","IMG_20190323_121212",1,"[1096, 494]","[2688, 479]","[2637, 2210]","[1159, 2230]"
"zaal_19","IMG_20190323_121216",1,"[1135, 423]","[3016, 413]","[2929, 2417]","[1226, 2452]"
"zaal_19","IMG_20190323_121221",1,"[1222, 423]","[2854, 413]","[3035, 2427]","[1088, 2452]"
"zaal_19","IMG_20190323_121226",1,"[646, 469]","[3248, 489]","[3232, 2624]","[603, 2624]"
"zaal_19","IMG_20190323_121230",1,"[1375, 227]","[1991, 237]","[1998, 751]","[1289, 711]"
"zaal_19","IMG_20190323_121230",2,"[2385, 312]","[2842, 328]","[2929, 746]","[2408, 746]"
"zaal_19","IMG_20190323_121230",3,"[3244, 408]","[3753, 393]","[3840, 701]","[3327, 706]"
"zaal_19","IMG_20190323_121230",4,"[1178, 953]","[2736, 984]","[2937, 2291]","[958, 2280]"
"zaal_19","IMG_20190323_121237",1,"[551, 585]","[3205, 595]","[3374, 2477]","[346, 2502]"
"zaal_19","IMG_20190323_121242",1,"[1360, 534]","[2889, 534]","[2854, 2306]","[1395, 2291]"
"zaal_19","IMG_20190323_121245",1,"[1289, 741]","[2558, 756]","[2811, 2508]","[1084, 2543]"
"zaal_19","IMG_20190323_121250",1,"[555, 494]","[2322, 509]","[2436, 3224]","[488, 3280]"
"zaal_19","IMG_20190323_121255",1,"[398, 146]","[2452, 166]","[2594, 3613]","[295, 3638]"
"zaal_19","IMG_20190323_121300",1,"[390, 787]","[2420, 862]","[2298, 3118]","[402, 3113]"
"zaal_19","IMG_20190323_121303",1,"[638, 1059]","[2223, 1054]","[2550, 3037]","[311, 3053]"
"zaal_19","IMG_20190323_121308",1,"[500, 550]","[2483, 565]","[2487, 3108]","[465, 3093]"
"zaal_19","IMG_20190323_121312",1,"[563, 499]","[1127, 499]","[1072, 822]","[465, 822]"
"zaal_19","IMG_20190323_121312",2,"[1502, 368]","[2113, 353]","[2129, 918]","[1435, 923]"
"zaal_19","IMG_20190323_121312",3,"[2503, 333]","[3650, 282]","[3907, 953]","[2574, 978]"
"zaal_19","IMG_20190323_121312",4,"[417, 1377]","[1052, 1372]","[906, 2094]","[197, 2099]"
"zaal_19","IMG_20190323_121312",5,"[1490, 1150]","[2665, 1130]","[2771, 1882]","[1411, 1897]"
"zaal_19","IMG_20190323_121318",1,"[457, 166]","[3560, 262]","[3560, 2815]","[410, 2800]"
"zaal_19","IMG_20190323_121321",1,"[1900, 171]","[2562, 151]","[2602, 494]","[1888, 504]"
"zaal_19","IMG_20190323_121321",2,"[910, 978]","[1868, 968]","[1845, 2028]","[654, 2043]"
"zaal_19","IMG_20190323_121321",3,"[2132, 1084]","[2897, 1069]","[3075, 1942]","[2152, 1957]"
"zaal_19","IMG_20190323_121329",1,"[374, 322]","[3272, 312]","[3280, 2624]","[366, 2624]"
"zaal_19","IMG_20190323_121333",1,"[1107, 292]","[1525, 297]","[1490, 681]","[1029, 676]"
"zaal_19","IMG_20190323_121333",2,"[1679, 338]","[2164, 348]","[2172, 666]","[1655, 666]"
"zaal_19","IMG_20190323_121333",3,"[2527, 201]","[3181, 201]","[3347, 817]","[2606, 792]"
"zaal_19","IMG_20190323_121333",4,"[1147, 968]","[2866, 968]","[3134, 2291]","[891, 2326]"
"zaal_19","IMG_20190323_121339",1,"[666, 514]","[1841, 519]","[1841, 1448]","[437, 1463]"
"zaal_19","IMG_20190323_121339",2,"[2117, 529]","[3284, 514]","[3516, 1392]","[2129, 1397]"
"zaal_19","IMG_20190323_121342",1,"[1316, 726]","[2874, 782]","[2956, 2129]","[1182, 2074]"
"zaal_19","IMG_20190323_121346",1,"[1080, 469]","[2799, 454]","[2795, 2402]","[1143, 2417]"
"zaal_19","IMG_20190323_121349",1,"[792, 383]","[3489, 317]","[3457, 2346]","[922, 2381]"
"zaal_19","IMG_20190323_121354",1,"[425, 267]","[3493, 242]","[3505, 2704]","[469, 2735]"
"zaal_19","IMG_20190323_121357",1,"[780, 600]","[3252, 565]","[3804, 2371]","[287, 2432]"
"zaal_19","IMG_20190323_121411",1,"[571, 423]","[950, 408]","[926, 676]","[551, 696]"
"zaal_19","IMG_20190323_121411",2,"[1190, 302]","[1809, 282]","[1801, 736]","[1174, 761]"
"zaal_19","IMG_20190323_121411",3,"[2061, 287]","[2621, 247]","[2649, 681]","[2073, 711]"
"zaal_19","IMG_20190323_121411",4,"[2897, 222]","[3481, 171]","[3548, 645]","[2925, 671]"
"zaal_19","IMG_20190323_121411",5,"[291, 1039]","[1249, 1004]","[1210, 1756]","[212, 1766]"
"zaal_19","IMG_20190323_121411",6,"[240, 1927]","[1237, 1907]","[1186, 2659]","[169, 2639]"
"zaal_19","IMG_20190323_121411",7,"[1506, 1074]","[2231, 1049]","[2247, 1614]","[1490, 1619]"
"zaal_19","IMG_20190323_121411",8,"[2531, 953]","[3863, 908]","[3997, 1872]","[2570, 1887]"
"zaal_19","IMG_20190323_121411",9,"[1486, 1983]","[2231, 1978]","[2247, 2639]","[1462, 2619]"
"zaal_19","IMG_20190323_121411",10,"[2401, 2220]","[2799, 2225]","[2826, 2588]","[2408, 2593]"
"zaal_19","IMG_20190323_121411",11,"[3055, 2174]","[3721, 2174]","[3796, 2790]","[3094, 2780]"
"zaal_19","IMG_20190323_121420",1,"[891, 272]","[1336, 277]","[1328, 671]","[879, 666]"
"zaal_19","IMG_20190323_121420",2,"[1573, 302]","[2022, 302]","[2022, 696]","[1565, 701]"
"zaal_19","IMG_20190323_121420",3,"[2243, 277]","[2787, 272]","[2803, 716]","[2251, 716]"
"zaal_19","IMG_20190323_121420",4,"[3004, 373]","[3236, 383]","[3252, 635]","[3016, 645]"
"zaal_19","IMG_20190323_121420",5,"[3323, 398]","[3583, 408]","[3595, 625]","[3339, 635]"
"zaal_19","IMG_20190323_121420",6,"[693, 862]","[1801, 873]","[1793, 1655]","[638, 1660]"
"zaal_19","IMG_20190323_121420",7,"[654, 1725]","[1608, 1715]","[1600, 2518]","[607, 2538]"
"zaal_19","IMG_20190323_121420",8,"[2018, 984]","[2483, 978]","[2491, 1372]","[2018, 1377]"
"zaal_19","IMG_20190323_121420",9,"[2018, 1518]","[2412, 1508]","[2420, 1851]","[2030, 1862]"
"zaal_19","IMG_20190323_121420",10,"[1738, 1998]","[2152, 1983]","[2160, 2326]","[1746, 2336]"
"zaal_19","IMG_20190323_121420",11,"[2259, 1973]","[2558, 1968]","[2574, 2321]","[2274, 2336]"
"zaal_19","IMG_20190323_121420",12,"[2570, 1004]","[3020, 994]","[3031, 1347]","[2586, 1347]"
"zaal_19","IMG_20190323_121420",13,"[2665, 1614]","[3725, 1609]","[3812, 2457]","[2708, 2497]"
"zaal_19","IMG_20190323_121434",1,"[548, 373]","[1088, 378]","[1068, 756]","[508, 767]"
"zaal_19","IMG_20190323_121434",2,"[1332, 383]","[1821, 368]","[1821, 711]","[1320, 726]"
"zaal_19","IMG_20190323_121434",3,"[2081, 343]","[2669, 328]","[2680, 696]","[2081, 716]"
"zaal_19","IMG_20190323_121434",4,"[2933, 247]","[3690, 216]","[3745, 731]","[2968, 736]"
"zaal_19","IMG_20190323_121434",5,"[406, 989]","[2176, 958]","[2196, 2270]","[272, 2265]"
"zaal_19","IMG_20190323_121434",6,"[252, 2412]","[682, 2402]","[646, 2815]","[205, 2810]"
"zaal_19","IMG_20190323_121434",7,"[772, 2457]","[1111, 2457]","[1099, 2780]","[737, 2770]"
"zaal_19","IMG_20190323_121434",8,"[1206, 2457]","[1553, 2457]","[1557, 2770]","[1186, 2770]"
"zaal_19","IMG_20190323_121434",9,"[1644, 2371]","[2192, 2371]","[2207, 2830]","[1640, 2825]"
"zaal_19","IMG_20190323_121434",10,"[2377, 943]","[3646, 923]","[3741, 1791]","[2401, 1776]"
"zaal_19","IMG_20190323_121434",11,"[2665, 1942]","[3741, 1952]","[3855, 2795]","[2704, 2780]"
"zaal_19","IMG_20190323_121447",1,"[153, 479]","[528, 469]","[504, 751]","[122, 761]"
"zaal_19","IMG_20190323_121447",2,"[733, 454]","[1178, 439]","[1155, 746]","[713, 751]"
"zaal_19","IMG_20190323_121447",3,"[1403, 403]","[2042, 403]","[2046, 787]","[1395, 792]"
"zaal_19","IMG_20190323_121447",4,"[2278, 408]","[2818, 383]","[2834, 751]","[2274, 767]"
"zaal_19","IMG_20190323_121447",5,"[3059, 439]","[3516, 413]","[3540, 706]","[3071, 701]"
"zaal_19","IMG_20190323_121447",6,"[528, 999]","[1269, 994]","[1234, 1518]","[481, 1518]"
"zaal_19","IMG_20190323_121447",7,"[169, 1650]","[1222, 1660]","[1167, 2523]","[59, 2492]"
"zaal_19","IMG_20190323_121447",8,"[1431, 1064]","[2278, 1049]","[2274, 1690]","[1407, 1685]"
"zaal_19","IMG_20190323_121447",9,"[1336, 1791]","[2286, 1786]","[2290, 2548]","[1301, 2528]"
"zaal_19","IMG_20190323_121447",10,"[2448, 1095]","[3631, 1079]","[3694, 1872]","[2456, 1872]"
"zaal_19","IMG_20190323_121447",11,"[2606, 2018]","[2960, 2028]","[2972, 2296]","[2617, 2291]"
"zaal_19","IMG_20190323_121447",12,"[3055, 1983]","[3650, 1988]","[3694, 2508]","[3091, 2502]"
"zaal_19","IMG_20190323_121457",1,"[445, 383]","[804, 378]","[780, 802]","[429, 802]"
"zaal_19","IMG_20190323_121457",2,"[1052, 433]","[1486, 413]","[1486, 751]","[1048, 751]"
"zaal_19","IMG_20190323_121457",3,"[1707, 449]","[2105, 439]","[2097, 716]","[1711, 731]"
"zaal_19","IMG_20190323_121457",4,"[2314, 433]","[2684, 423]","[2696, 721]","[2334, 721]"
"zaal_19","IMG_20190323_121457",5,"[2905, 418]","[3347, 403]","[3378, 701]","[2933, 706]"
"zaal_19","IMG_20190323_121457",6,"[646, 1054]","[973, 1044]","[965, 1301]","[634, 1301]"
"zaal_19","IMG_20190323_121457",7,"[622, 1397]","[1096, 1392]","[1076, 2003]","[599, 2008]"
"zaal_19","IMG_20190323_121457",8,"[1218, 968]","[2428, 958]","[2460, 1826]","[1198, 1857]"
"zaal_19","IMG_20190323_121457",9,"[989, 2074]","[1167, 2068]","[1159, 2270]","[985, 2275]"
"zaal_19","IMG_20190323_121457",10,"[1510, 2008]","[1849, 1998]","[1853, 2301]","[1502, 2321]"
"zaal_19","IMG_20190323_121457",11,"[2038, 2008]","[2377, 1993]","[2397, 2306]","[2038, 2316]"
"zaal_19","IMG_20190323_121457",12,"[2807, 958]","[3528, 938]","[3572, 1438]","[2842, 1453]"
"zaal_19","IMG_20190323_121457",13,"[2574, 1589]","[3599, 1574]","[3670, 2361]","[2637, 2391]"
"zaal_19","IMG_20190323_121507",1,"[831, 196]","[1123, 196]","[1119, 570]","[812, 570]"
"zaal_19","IMG_20190323_121507",2,"[1387, 196]","[1829, 191]","[1833, 539]","[1387, 550]"
"zaal_19","IMG_20190323_121507",3,"[2109, 161]","[2653, 151]","[2661, 565]","[2109, 585]"
"zaal_19","IMG_20190323_121507",4,"[2941, 121]","[3315, 111]","[3335, 570]","[2953, 570]"
"zaal_19","IMG_20190323_121507",5,"[343, 888]","[962, 878]","[950, 1387]","[307, 1397]"
"zaal_19","IMG_20190323_121507",6,"[398, 1523]","[946, 1529]","[926, 2255]","[362, 2250]"
"zaal_19","IMG_20190323_121507",7,"[1135, 963]","[3047, 943]","[3118, 2356]","[1092, 2341]"
"zaal_19","IMG_20190323_121507",8,"[3221, 852]","[3587, 847]","[3599, 1115]","[3236, 1120]"
"zaal_19","IMG_20190323_121507",9,"[3236, 1231]","[3753, 1221]","[3804, 1882]","[3276, 1887]"
"zaal_19","IMG_20190323_121507",10,"[3710, 1978]","[3899, 1978]","[3918, 2190]","[3729, 2195]"
"zaal_19","IMG_20190323_121523",1,"[244, 312]","[839, 282]","[831, 741]","[212, 751]"
"zaal_19","IMG_20190323_121523",2,"[1040, 322]","[1281, 312]","[1281, 666]","[1036, 681]"
"zaal_19","IMG_20190323_121523",3,"[1419, 388]","[1588, 383]","[1588, 590]","[1415, 595]"
"zaal_19","IMG_20190323_121523",4,"[1786, 277]","[2121, 257]","[2121, 645]","[1789, 650]"
"zaal_19","IMG_20190323_121523",5,"[2322, 222]","[2775, 196]","[2787, 656]","[2322, 686]"
"zaal_19","IMG_20190323_121523",6,"[2988, 227]","[3347, 206]","[3359, 585]","[3000, 600]"
"zaal_19","IMG_20190323_121523",7,"[3544, 171]","[3989, 146]","[4013, 615]","[3568, 625]"
"zaal_19","IMG_20190323_121523",8,"[429, 994]","[950, 989]","[922, 1614]","[398, 1629]"
"zaal_19","IMG_20190323_121523",9,"[433, 1700]","[867, 1690]","[839, 2235]","[410, 2230]"
"zaal_19","IMG_20190323_121523",10,"[1103, 1019]","[1868, 1019]","[1876, 2316]","[1068, 2306]"
"zaal_19","IMG_20190323_121523",11,"[2018, 1069]","[2763, 1044]","[2803, 2210]","[2026, 2185]"
"zaal_19","IMG_20190323_121523",12,"[2917, 852]","[3505, 827]","[3544, 1584]","[2945, 1589]"
"zaal_19","IMG_20190323_121523",13,"[2992, 1730]","[3505, 1720]","[3544, 2326]","[3012, 2321]"
"zaal_19","IMG_20190323_121537",1,"[374, 413]","[579, 408]","[567, 661]","[362, 661]"
"zaal_19","IMG_20190323_121537",2,"[670, 433]","[914, 428]","[910, 635]","[658, 645]"
"zaal_19","IMG_20190323_121537",3,"[1111, 322]","[1462, 302]","[1458, 726]","[1096, 726]"
"zaal_19","IMG_20190323_121537",4,"[1671, 418]","[1975, 413]","[1975, 630]","[1671, 645]"
"zaal_19","IMG_20190323_121537",5,"[2180, 317]","[2542, 302]","[2542, 696]","[2176, 706]"
"zaal_19","IMG_20190323_121537",6,"[2759, 262]","[3441, 237]","[3461, 726]","[2779, 746]"
"zaal_19","IMG_20190323_121537",7,"[3674, 302]","[3958, 287]","[3986, 645]","[3698, 661]"
"zaal_19","IMG_20190323_121537",8,"[413, 878]","[1163, 867]","[1135, 1473]","[358, 1483]"
"zaal_19","IMG_20190323_121537",9,"[1277, 943]","[1640, 938]","[1636, 1362]","[1273, 1357]"
"zaal_19","IMG_20190323_121537",10,"[1750, 1009]","[2030, 994]","[2034, 1337]","[1746, 1332]"
"zaal_19","IMG_20190323_121537",11,"[2231, 878]","[2803, 873]","[2807, 1231]","[2231, 1241]"
"zaal_19","IMG_20190323_121537",12,"[1005, 1584]","[1896, 1579]","[1900, 2356]","[954, 2341]"
"zaal_19","IMG_20190323_121537",13,"[2152, 1362]","[2905, 1357]","[2933, 2346]","[2140, 2336]"
"zaal_19","IMG_20190323_121537",14,"[3075, 1004]","[3662, 984]","[3710, 1665]","[3110, 1675]"
"zaal_19","IMG_20190323_121537",15,"[3165, 1766]","[3662, 1761]","[3698, 2341]","[3201, 2336]"
"zaal_19","IMG_20190323_121545",1,"[508, 287]","[934, 292]","[926, 645]","[484, 645]"
"zaal_19","IMG_20190323_121545",2,"[1163, 302]","[1608, 302]","[1604, 681]","[1147, 686]"
"zaal_19","IMG_20190323_121545",3,"[1825, 267]","[2361, 262]","[2353, 706]","[1817, 701]"
"zaal_19","IMG_20190323_121545",4,"[2574, 358]","[2807, 348]","[2807, 610]","[2594, 610]"
"zaal_19","IMG_20190323_121545",5,"[2889, 378]","[3161, 373]","[3165, 595]","[2901, 610]"
"zaal_19","IMG_20190323_121545",6,"[3367, 272]","[3741, 252]","[3788, 696]","[3394, 706]"
"zaal_19","IMG_20190323_121545",7,"[307, 857]","[1364, 862]","[1340, 1629]","[240, 1619]"
"zaal_19","IMG_20190323_121545",8,"[264, 1695]","[1174, 1680]","[1131, 2437]","[201, 2452]"
"zaal_19","IMG_20190323_121545",9,"[1592, 968]","[2026, 963]","[2030, 1357]","[1580, 1352]"
"zaal_19","IMG_20190323_121545",10,"[2121, 989]","[2550, 978]","[2558, 1327]","[2125, 1327]"
"zaal_19","IMG_20190323_121545",11,"[2696, 857]","[3528, 842]","[3587, 1488]","[2724, 1498]"
"zaal_19","IMG_20190323_121545",12,"[1569, 1493]","[1947, 1488]","[1947, 1816]","[1565, 1811]"
"zaal_19","IMG_20190323_121545",13,"[1285, 1957]","[1683, 1952]","[1691, 2265]","[1285, 2270]"
"zaal_19","IMG_20190323_121545",14,"[1797, 1937]","[2085, 1927]","[2089, 2280]","[1801, 2280]"
"zaal_19","IMG_20190323_121545",15,"[2203, 1584]","[3248, 1579]","[3315, 2427]","[2227, 2442]"
"zaal_19","IMG_20190323_121604",1,"[650, 439]","[973, 444]","[965, 772]","[642, 777]"
"zaal_19","IMG_20190323_121604",2,"[1182, 413]","[1557, 398]","[1541, 832]","[1167, 832]"
"zaal_19","IMG_20190323_121604",3,"[1774, 353]","[2373, 348]","[2373, 832]","[1766, 842]"
"zaal_19","IMG_20190323_121604",4,"[2598, 423]","[2941, 418]","[2941, 736]","[2606, 756]"
"zaal_19","IMG_20190323_121604",5,"[3154, 444]","[3422, 439]","[3437, 731]","[3165, 746]"
"zaal_19","IMG_20190323_121604",6,"[3642, 479]","[3938, 469]","[3950, 666]","[3666, 686]"
"zaal_19","IMG_20190323_121604",7,"[504, 1009]","[1040, 1009]","[1001, 1725]","[457, 1725]"
"zaal_19","IMG_20190323_121604",8,"[481, 1851]","[954, 1851]","[930, 2432]","[441, 2447]"
"zaal_19","IMG_20190323_121604",9,"[1170, 1211]","[2440, 1195]","[2452, 2079]","[1139, 2079]"
"zaal_19","IMG_20190323_121604",10,"[2574, 928]","[3335, 923]","[3370, 1534]","[2594, 1549]"
"zaal_19","IMG_20190323_121604",11,"[2712, 1635]","[3757, 1624]","[3820, 2477]","[2744, 2477]"
"zaal_19","IMG_20190323_121622",1,"[733, 418]","[1060, 413]","[1048, 736]","[709, 731]"
"zaal_19","IMG_20190323_121622",2,"[1289, 444]","[1525, 439]","[1533, 736]","[1269, 726]"
"zaal_19","IMG_20190323_121622",3,"[1754, 489]","[2018, 484]","[2018, 691]","[1746, 701]"
"zaal_19","IMG_20190323_121622",4,"[2176, 408]","[2472, 393]","[2464, 726]","[2192, 741]"
"zaal_19","IMG_20190323_121622",5,"[2673, 449]","[2866, 433]","[2878, 696]","[2673, 701]"
"zaal_19","IMG_20190323_121622",6,"[3059, 383]","[3331, 378]","[3351, 731]","[3079, 736]"
"zaal_19","IMG_20190323_121622",7,"[642, 928]","[1379, 928]","[1364, 1513]","[618, 1503]"
"zaal_19","IMG_20190323_121622",8,"[705, 1609]","[1679, 1604]","[1683, 2437]","[646, 2447]"
"zaal_19","IMG_20190323_121622",9,"[1837, 938]","[2649, 923]","[2684, 1902]","[1833, 1912]"
"zaal_19","IMG_20190323_121622",10,"[1892, 2008]","[2219, 2008]","[2223, 2386]","[1896, 2386]"
"zaal_19","IMG_20190323_121622",11,"[2310, 2013]","[2641, 1993]","[2653, 2371]","[2322, 2386]"
"zaal_19","IMG_20190323_121622",12,"[2850, 938]","[3363, 928]","[3398, 1488]","[2878, 1498]"
"zaal_19","IMG_20190323_121622",13,"[2815, 1594]","[3536, 1584]","[3607, 2422]","[2866, 2422]"
